Id incendie;Annee;Alerte;Departement;Commune;Surface (ha);Nature;Precision de la donnee
2010-8456;2010;02/03/2010 16:05;13;Maussane-les-Alpilles;0.8530;Involontaire (particulier);-
2010-4429;2010;12/03/2010 14:37;13;Rognes;0.0200;Involontaire (particulier);-
2010-4430;2010;13/03/2010 12:13;13;Mimet;0.0150;Involontaire (travaux);-
2010-8467;2010;16/03/2010 13:59;13;Cuges-les-Pins;5.0000;Involontaire (travaux);-
2010-8478;2010;16/03/2010 15:44;13;Le Rove;0.9000;Involontaire (particulier);-
2010-4432;2010;10/04/2010 16:46;13;Éguilles;0.0200;Involontaire (travaux);-
2010-4482;2010;25/04/2010 14:40;13;Fos-sur-Mer;0.0100;Involontaire (particulier);-
2010-4486;2010;18/05/2010 22:45;13;Aubagne;0.1000;Accidentelle;-
2010-4437;2010;19/05/2010 14:20;13;Rognac;0.4500;-;-
2010-4487;2010;20/05/2010 15:35;13;La Ciotat;0.0040;Accidentelle;-
2010-4440;2010;29/05/2010 19:56;13;Rognes;0.0100;-;-
2010-4428;2010;03/06/2010 14:37;13;Eyguières;0.0200;Involontaire (particulier);-
2010-4278;2010;07/06/2010 17:36;13;Marseille;1.0000;Malveillance;-
2010-4505;2010;07/06/2010 22:20;13;Marseille;0.1000;Malveillance;-
2010-4283;2010;11/06/2010 15:05;13;Marseille;0.3000;Malveillance;-
2010-4485;2010;11/06/2010 17:25;13;Fuveau;0.0150;Malveillance;-
2010-8662;2010;15/06/2010 15:34;13;Peynier;0.0250;Malveillance;-
2010-4433;2010;27/06/2010 16:36;13;Martigues;0.0150;Involontaire (particulier);-
2010-5872;2010;03/07/2010 10:09;13;La Ciotat;0.0080;-;-
2010-5844;2010;03/07/2010 14:02;13;Lambesc;0.0100;Naturelle;-
2010-6022;2010;05/07/2010 00:50;13;Marseille;0.0400;Malveillance;-
2010-5864;2010;05/07/2010 20:07;13;La Ciotat;2.0000;-;-
2010-5874;2010;06/07/2010 16:58;13;Aix-en-Provence;0.1000;-;-
2010-6024;2010;06/07/2010 17:40;13;Marseille;0.4000;Malveillance;-
2010-5873;2010;06/07/2010 18:02;13;La Ciotat;0.0030;-;-
2010-5877;2010;06/07/2010 22:53;13;Vernègues;0.0300;-;-
2010-5875;2010;07/07/2010 11:24;13;Trets;0.0050;-;-
2010-5876;2010;07/07/2010 12:42;13;Peypin;0.0050;Malveillance;-
2010-5882;2010;08/07/2010 16:44;13;Châteauneuf-les-Martigues;0.1800;Accidentelle;-
2010-5878;2010;15/07/2010 02:05;13;Peypin;0.0050;Malveillance;-
2010-5880;2010;15/07/2010 14:27;13;Peypin;0.1800;Malveillance;-
2010-5881;2010;15/07/2010 18:00;13;Peypin;0.1000;Malveillance;-
2010-6584;2010;16/07/2010 13:15;13;La Bouilladisse;0.0050;Malveillance;-
2010-6585;2010;16/07/2010 16:17;13;Rognac;0.0030;-;-
2010-6586;2010;17/07/2010 17:46;13;Fontvieille;0.0100;-;-
2010-6588;2010;17/07/2010 18:02;13;Saint-Savournin;0.0200;Malveillance;-
2010-6587;2010;17/07/2010 18:38;13;Cadolive;0.0050;Malveillance;-
2010-6594;2010;18/07/2010 16:54;13;Jouques;0.0050;Accidentelle;-
2010-6597;2010;19/07/2010 11:39;13;Fuveau;0.8700;Malveillance;-
2010-6602;2010;19/07/2010 16:48;13;Peypin;0.0150;Malveillance;-
2010-6656;2010;20/07/2010 11:13;13;Roquefort-la-Bédoule;0.1000;Malveillance;-
2010-6658;2010;20/07/2010 17:28;13;Aix-en-Provence;0.0200;Involontaire (particulier);-
2010-6605;2010;22/07/2010 01:19;13;Peypin;0.0050;Malveillance;-
2010-6659;2010;22/07/2010 12:48;13;Salon-de-Provence;0.0050;Involontaire (travaux);-
2010-6763;2010;22/07/2010 15:34;13;Lançon-Provence;0.0050;-;-
2010-6661;2010;23/07/2010 22:43;13;Fuveau;0.0150;-;-
2010-6662;2010;24/07/2010 13:46;13;Aix-en-Provence;0.5500;Accidentelle;-
2010-6764;2010;24/07/2010 17:34;13;Lançon-Provence;3.5000;Malveillance;-
2010-6663;2010;24/07/2010 20:47;13;Châteauneuf-les-Martigues;915.0000;-;-
2010-6664;2010;25/07/2010 03:32;13;Peypin;0.2000;-;-
2010-6665;2010;25/07/2010 20:35;13;La Ciotat;0.0040;-;-
2010-6666;2010;25/07/2010 20:37;13;La Ciotat;0.0040;-;-
2010-7252;2010;26/07/2010 00:03;13;Marseille;0.1500;Malveillance;-
2010-6765;2010;26/07/2010 18:45;13;Fuveau;0.0200;Malveillance;-
2010-6667;2010;27/07/2010 17:18;13;Gréasque;0.0050;-;-
2010-6669;2010;27/07/2010 18:00;13;La Ciotat;0.0050;-;-
2010-6670;2010;28/07/2010 11:12;13;Saint-Cannat;0.0020;Involontaire (particulier);-
2010-6671;2010;28/07/2010 16:02;13;Saint-Cannat;1.0000;Accidentelle;-
2010-6672;2010;28/07/2010 19:53;13;Port-de-Bouc;0.0800;-;-
2010-6673;2010;28/07/2010 20:51;13;Trets;0.0020;Involontaire (particulier);-
2010-6674;2010;29/07/2010 06:04;13;Gardanne;0.0850;Malveillance;-
2010-6710;2010;29/07/2010 08:01;13;Fuveau;0.0050;-;-
2010-6717;2010;29/07/2010 15:53;13;Pélissanne;0.0100;Involontaire (particulier);-
2010-6711;2010;30/07/2010 07:55;13;Gardanne;0.0050;-;-
2010-6713;2010;30/07/2010 11:57;13;La Ciotat;0.0050;-;-
2010-6715;2010;30/07/2010 16:36;13;Peynier;0.0100;-;-
2010-6714;2010;30/07/2010 17:48;13;Aix-en-Provence;4.5000;Accidentelle;-
2010-6718;2010;30/07/2010 18:13;13;Martigues;0.9200;-;-
2010-6716;2010;30/07/2010 19:04;13;Lambesc;0.0050;Involontaire (particulier);-
2010-7971;2010;30/07/2010 19:07;13;Marseille;0.5000;Malveillance;-
2010-6719;2010;31/07/2010 11:43;13;Fuveau;0.0200;Malveillance;-
2010-6720;2010;01/08/2010 19:03;13;Fuveau;0.0200;-;-
2010-6722;2010;03/08/2010 14:04;13;Aureille;1.0000;Involontaire (travaux);-
2010-6721;2010;03/08/2010 15:02;13;La Destrousse;0.0300;Malveillance;-
2010-6724;2010;03/08/2010 17:10;13;Coudoux;5.0000;Involontaire (particulier);-
2010-6725;2010;03/08/2010 19:12;13;Fuveau;0.0100;-;-
2010-6726;2010;05/08/2010 05:50;13;Peynier;0.0150;-;-
2010-8650;2010;05/08/2010 06:48;13;Miramas;0.0050;Malveillance;-
2010-8619;2010;06/08/2010 10:49;13;Aix-en-Provence;0.0050;-;-
2010-8620;2010;06/08/2010 11:35;13;Aix-en-Provence;0.0250;Malveillance;-
2010-8621;2010;06/08/2010 12:42;13;Cabriès;0.0150;Involontaire (particulier);-
2010-8623;2010;07/08/2010 01:34;13;Miramas;3.4000;Malveillance;-
2010-8624;2010;07/08/2010 03:01;13;Miramas;0.0100;Malveillance;-
2010-8625;2010;07/08/2010 03:02;13;Miramas;0.0010;Malveillance;-
2010-8626;2010;07/08/2010 03:32;13;Miramas;0.0200;Malveillance;-
2010-8649;2010;07/08/2010 18:30;13;Fuveau;0.0005;Involontaire (particulier);-
2010-8656;2010;08/08/2010 12:43;13;Jouques;0.0100;Accidentelle;-
2010-8651;2010;08/08/2010 17:58;13;Gréasque;0.0060;Involontaire (particulier);-
2010-8652;2010;08/08/2010 18:00;13;Gréasque;0.0040;Involontaire (particulier);-
2010-8653;2010;08/08/2010 18:06;13;Gréasque;0.0030;Involontaire (particulier);-
2010-8655;2010;09/08/2010 15:50;13;Auriol;0.0100;-;-
2010-8654;2010;09/08/2010 17:22;13;Les Pennes-Mirabeau;0.0400;Malveillance;-
2010-8658;2010;10/08/2010 12:22;13;Fos-sur-Mer;0.1200;Accidentelle;-
2010-8660;2010;10/08/2010 12:24;13;Fos-sur-Mer;0.0120;Accidentelle;-
2010-8659;2010;10/08/2010 12:33;13;Istres;3.6000;Accidentelle;-
2010-8661;2010;10/08/2010 13:37;13;Les Pennes-Mirabeau;0.0100;-;-
2010-8663;2010;12/08/2010 17:00;13;Roquefort-la-Bédoule;0.1000;Involontaire (particulier);-
2010-8664;2010;13/08/2010 13:24;13;Port-de-Bouc;0.0300;-;-
2010-8666;2010;13/08/2010 21:54;13;Martigues;0.0150;Malveillance;-
2010-8667;2010;13/08/2010 22:00;13;Martigues;0.0200;Malveillance;-
2010-8669;2010;13/08/2010 22:05;13;Martigues;0.0150;Malveillance;-
2010-8670;2010;13/08/2010 22:30;13;Martigues;0.0200;Malveillance;-
2010-8672;2010;13/08/2010 22:40;13;Martigues;0.0150;Malveillance;-
2010-8671;2010;13/08/2010 22:45;13;Martigues;0.0150;Malveillance;-
2010-8673;2010;13/08/2010 22:50;13;Martigues;0.0300;Malveillance;-
2010-8674;2010;13/08/2010 23:00;13;Martigues;0.2000;Malveillance;-
2010-8675;2010;13/08/2010 23:15;13;Martigues;0.0500;Malveillance;-
2010-8683;2010;14/08/2010 16:42;13;Istres;0.0050;-;-
2010-8665;2010;15/08/2010 11:07;13;Ensuès-la-Redonne;0.0300;Naturelle;-
2010-8676;2010;16/08/2010 15:49;13;Rognac;0.0150;-;-
2010-8677;2010;16/08/2010 20:02;13;Martigues;0.0100;Malveillance;-
2010-8678;2010;18/08/2010 14:07;13;La Fare-les-Oliviers;0.0050;-;-
2010-8680;2010;19/08/2010 11:59;13;Martigues;0.0100;Involontaire (particulier);-
2010-8681;2010;19/08/2010 14:26;13;Aix-en-Provence;0.1200;Involontaire (particulier);-
2010-8682;2010;19/08/2010 16:52;13;Coudoux;0.0050;Involontaire (particulier);-
2010-8684;2010;24/08/2010 21:41;13;Martigues;0.0010;-;-
2010-8685;2010;28/08/2010 07:23;13;Tarascon;5.0000;Accidentelle;-
2010-8686;2010;28/08/2010 12:53;13;Rognac;0.2000;Accidentelle;-
2010-8687;2010;28/08/2010 15:14;13;Puyloubier;0.0200;Involontaire (travaux);-
2010-8688;2010;28/08/2010 18:23;13;La Ciotat;0.0050;Malveillance;-
2010-8689;2010;28/08/2010 19:07;13;Saint-Cannat;5.0000;Accidentelle;-
2010-8691;2010;29/08/2010 18:36;13;Aix-en-Provence;0.0500;Accidentelle;-
2010-8693;2010;30/08/2010 11:30;13;Pélissanne;0.0300;Involontaire (particulier);-
2010-8692;2010;30/08/2010 11:31;13;Aix-en-Provence;0.0100;Involontaire (particulier);-
2010-8695;2010;30/08/2010 15:12;13;Saint-Cannat;8.8000;Involontaire (particulier);-
2010-8694;2010;30/08/2010 15:25;13;Aix-en-Provence;0.0100;Involontaire (particulier);-
2010-8696;2010;30/08/2010 20:36;13;Cassis;186.0000;-;-
2010-8697;2010;31/08/2010 14:22;13;Peynier;0.0100;Involontaire (particulier);-
2010-8698;2010;04/09/2010 20:28;13;La Ciotat;0.0100;Malveillance;-
2010-8699;2010;05/09/2010 14:04;13;Peypin;0.0500;Involontaire (particulier);-
2010-8700;2010;10/09/2010 17:00;13;La Ciotat;0.0010;Malveillance;-
2010-8704;2010;13/09/2010 15:02;13;Rognes;0.0200;Accidentelle;-
2010-8702;2010;13/09/2010 17:06;13;Barbentane;1.5000;-;-
2010-8703;2010;13/09/2010 20:55;13;La Ciotat;0.0020;Malveillance;-
2010-9415;2010;02/10/2010 13:45;13;Allauch;1.5000;Involontaire (travaux);-
2010-9543;2010;21/10/2010 15:41;13;Marseille;0.3500;Malveillance;-
2010-9542;2010;29/10/2010 14:49;13;Marseille;6.3000;-;-
2011-6012;2011;04/04/2011 16:52;13;Martigues;3.0000;Involontaire (particulier);-
2011-6025;2011;08/04/2011 15:35;13;Châteauneuf-les-Martigues;0.1500;Malveillance;-
2011-6026;2011;08/04/2011 15:36;13;Châteauneuf-les-Martigues;0.1500;Malveillance;-
2011-5342;2011;12/04/2011 18:03;13;Marseille;0.5500;Malveillance;-
2011-6015;2011;15/04/2011 08:53;13;Auriol;0.0200;Involontaire (particulier);-
2011-6017;2011;18/04/2011 14:49;13;La Bouilladisse;0.6000;Involontaire (particulier);-
2011-6018;2011;19/04/2011 16:33;13;Peypin;0.0200;Involontaire (particulier);-
2011-6020;2011;25/04/2011 14:53;13;La Bouilladisse;1.0000;Involontaire (particulier);-
2011-6021;2011;01/05/2011 14:08;13;Sausset-les-Pins;0.0500;Malveillance;-
2011-5346;2011;03/05/2011 15:05;13;Marseille;0.6000;Malveillance;-
2011-6022;2011;03/05/2011 15:58;13;Gardanne;0.0500;Involontaire (particulier);-
2011-6023;2011;04/05/2011 11:05;13;Martigues;0.0600;Involontaire (particulier);-
2011-6024;2011;04/05/2011 18:25;13;Ensuès-la-Redonne;0.1500;-;-
2011-6061;2011;08/05/2011 18:17;13;Lançon-Provence;0.3000;-;-
2011-6033;2011;14/05/2011 17:00;13;Le Rove;5.0000;-;-
2011-6029;2011;15/05/2011 14:47;13;Pélissanne;0.2000;Malveillance;-
2011-6028;2011;15/05/2011 14:54;13;Aix-en-Provence;0.0200;-;-
2011-6027;2011;15/05/2011 16:15;13;Rognac;1.0000;-;-
2011-6031;2011;16/05/2011 13:55;13;Simiane-Collongue;0.4000;Involontaire (particulier);-
2011-6032;2011;21/05/2011 18:39;13;Allauch;0.0150;-;-
2011-6034;2011;23/05/2011 16:30;13;Le Rove;0.5000;Accidentelle;-
2011-6065;2011;25/05/2011 14:50;13;Jouques;0.0250;Naturelle;-
2011-6058;2011;25/05/2011 14:50;13;Jouques;0.0250;Involontaire (particulier);-
2011-6035;2011;28/05/2011 14:25;13;Fuveau;0.0300;Malveillance;-
2011-6037;2011;28/05/2011 18:02;13;Istres;0.5000;Naturelle;-
2011-6040;2011;29/05/2011 12:22;13;Fuveau;0.0150;Malveillance;-
2011-6045;2011;29/05/2011 16:06;13;Saint-Martin-de-Crau;5.0000;Involontaire (particulier);-
2011-6047;2011;30/05/2011 14:22;13;Trets;0.3150;Involontaire (travaux);-
2011-6054;2011;30/05/2011 15:21;13;Miramas;0.1000;-;-
2011-6069;2011;11/06/2011 18:10;13;Fos-sur-Mer;0.2000;Malveillance;-
2011-6071;2011;17/06/2011 13:17;13;Maussane-les-Alpilles;0.0200;Malveillance;-
2011-6072;2011;17/06/2011 14:07;13;Les Baux-de-Provence;0.0200;Malveillance;-
2011-6074;2011;18/06/2011 18:26;13;La Ciotat;0.0050;Malveillance;-
2011-6076;2011;18/06/2011 21:32;13;Martigues;0.0250;Malveillance;-
2011-6077;2011;19/06/2011 15:26;13;Martigues;39.3000;-;-
2011-6078;2011;21/06/2011 11:39;13;Cassis;0.7500;Malveillance;-
2011-6133;2011;21/06/2011 18:40;13;Fuveau;0.0200;Malveillance;-
2011-6079;2011;22/06/2011 16:56;13;Rognac;0.0100;-;-
2011-6080;2011;22/06/2011 17:20;13;Martigues;0.0400;Malveillance;-
2011-6134;2011;22/06/2011 18:20;13;Fuveau;0.0001;Malveillance;-
2011-6081;2011;22/06/2011 20:26;13;Mas-Blanc-des-Alpilles;0.0050;Naturelle;-
2011-6135;2011;24/06/2011 14:14;13;Istres;0.5000;Accidentelle;-
2011-6300;2011;27/06/2011 18:28;13;Peynier;0.0100;-;-
2011-6301;2011;29/06/2011 21:07;13;Martigues;0.1000;-;-
2011-6302;2011;29/06/2011 22:08;13;Fuveau;0.0005;Malveillance;-
2011-6303;2011;30/06/2011 23:47;13;Cassis;0.5000;Involontaire (particulier);-
2011-7716;2011;01/07/2011 15:00;13;Fos-sur-Mer;121.0000;-;-
2011-7715;2011;01/07/2011 18:38;13;La Ciotat;0.0010;Malveillance;-
2011-7681;2011;01/07/2011 22:48;13;Fuveau;0.1200;Malveillance;-
2011-8337;2011;02/07/2011 13:57;13;Marseille;0.1000;-;-
2011-7682;2011;02/07/2011 16:00;13;Rognes;0.0200;Involontaire (particulier);-
2011-7683;2011;02/07/2011 19:00;13;Salon-de-Provence;0.0200;-;-
2011-7686;2011;02/07/2011 23:50;13;La Ciotat;0.0010;Malveillance;-
2011-7684;2011;02/07/2011 23:50;13;Meyreuil;0.0200;Accidentelle;-
2011-7687;2011;03/07/2011 10:01;13;Éguilles;0.1000;Involontaire (travaux);-
2011-7688;2011;03/07/2011 13:13;13;Fontvieille;0.1000;Accidentelle;-
2011-7689;2011;03/07/2011 15:15;13;La Ciotat;0.0030;Malveillance;-
2011-7690;2011;03/07/2011 15:46;13;Miramas;0.0200;Malveillance;-
2011-7691;2011;03/07/2011 16:25;13;La Ciotat;0.0050;Malveillance;-
2011-7692;2011;03/07/2011 17:32;13;Miramas;0.0150;-;-
2011-8345;2011;03/07/2011 21:02;13;Marseille;0.1500;Malveillance;-
2011-7693;2011;03/07/2011 23:17;13;Auriol;0.0600;Involontaire (particulier);-
2011-7694;2011;05/07/2011 13:23;13;Aix-en-Provence;0.5000;-;-
2011-7697;2011;06/07/2011 15:13;13;Auriol;0.0200;Involontaire (travaux);-
2011-7695;2011;06/07/2011 20:52;13;Carnoux-en-Provence;0.0300;-;-
2011-7717;2011;08/07/2011 14:05;13;La Ciotat;0.0025;Malveillance;-
2011-7699;2011;08/07/2011 21:11;13;Istres;0.2500;Accidentelle;-
2011-7698;2011;09/07/2011 17:14;13;Rognac;0.0300;Malveillance;-
2011-7700;2011;12/07/2011 13:20;13;La Ciotat;0.0500;Involontaire (travaux);-
2011-7701;2011;12/07/2011 16:21;13;Fuveau;0.0015;Malveillance;-
2011-8338;2011;12/07/2011 16:47;13;Marseille;3.0000;-;-
2011-7703;2011;13/07/2011 01:02;13;Cuges-les-Pins;0.0100;Involontaire (particulier);-
2011-7706;2011;14/07/2011 10:12;13;La Ciotat;0.0005;Malveillance;-
2011-7702;2011;14/07/2011 13:01;13;Fuveau;0.0150;Malveillance;-
2011-7709;2011;14/07/2011 13:33;13;La Ciotat;0.0010;Malveillance;-
2011-7704;2011;14/07/2011 16:11;13;Salon-de-Provence;0.0300;Malveillance;-
2011-7710;2011;14/07/2011 20:25;13;La Ciotat;0.0020;Malveillance;-
2011-8344;2011;14/07/2011 20:37;13;Marseille;0.2000;Malveillance;-
2011-8339;2011;14/07/2011 22:04;13;Marseille;1.0000;Malveillance;-
2011-8347;2011;15/07/2011 00:09;13;Marseille;0.2000;Malveillance;-
2011-7711;2011;15/07/2011 11:06;13;La Ciotat;0.0030;Malveillance;-
2011-7712;2011;15/07/2011 22:04;13;La Ciotat;0.0030;Malveillance;-
2011-7713;2011;16/07/2011 12:47;13;La Ciotat;0.1300;Malveillance;-
2011-7714;2011;17/07/2011 12:45;13;La Ciotat;0.0050;Malveillance;-
2011-7705;2011;18/07/2011 12:31;13;Mimet;0.0015;-;-
2011-7718;2011;18/07/2011 14:36;13;La Ciotat;0.0010;Malveillance;-
2011-7723;2011;20/07/2011 19:24;13;Auriol;0.0100;-;-
2011-7720;2011;20/07/2011 22:00;13;La Ciotat;0.0030;Malveillance;-
2011-7722;2011;21/07/2011 14:25;13;Mimet;0.0100;Involontaire (particulier);-
2011-7721;2011;21/07/2011 16:25;13;La Ciotat;0.0005;Malveillance;-
2011-7724;2011;22/07/2011 15:45;13;Port-de-Bouc;0.0050;-;-
2011-7725;2011;22/07/2011 16:08;13;Aix-en-Provence;0.0050;-;-
2011-8340;2011;23/07/2011 17:24;13;Marseille;0.3000;Malveillance;-
2011-9216;2011;30/07/2011 19:04;13;Martigues;0.0100;-;-
2011-9217;2011;31/07/2011 20:58;13;La Ciotat;0.0030;Malveillance;-
2011-9218;2011;02/08/2011 08:41;13;La Ciotat;0.0010;Malveillance;-
2011-9220;2011;03/08/2011 16:22;13;Mallemort;0.0050;-;-
2011-9221;2011;04/08/2011 16:56;13;Aix-en-Provence;0.1200;Accidentelle;-
2011-9222;2011;04/08/2011 17:22;13;La Ciotat;0.0100;-;-
2011-9225;2011;09/08/2011 11:42;13;Saint-Chamas;0.2000;Accidentelle;-
2011-9224;2011;09/08/2011 12:30;13;La Ciotat;0.0050;Malveillance;-
2011-9223;2011;09/08/2011 19:57;13;La Ciotat;0.0100;Malveillance;-
2011-9227;2011;11/08/2011 13:16;13;Fuveau;0.0010;Malveillance;-
2011-9226;2011;11/08/2011 16:20;13;Velaux;0.0300;-;-
2011-9228;2011;12/08/2011 20:20;13;La Ciotat;0.0020;Malveillance;-
2011-9232;2011;13/08/2011 13:10;13;La Ciotat;0.0015;Malveillance;-
2011-9231;2011;13/08/2011 16:22;13;Fuveau;0.0040;Malveillance;-
2011-9229;2011;13/08/2011 22:43;13;Fuveau;0.0020;Malveillance;-
2011-9233;2011;15/08/2011 11:26;13;La Ciotat;0.0020;Malveillance;-
2011-9234;2011;15/08/2011 20:00;13;La Ciotat;0.0040;Malveillance;-
2011-9235;2011;20/08/2011 14:52;13;La Ciotat;0.0005;Malveillance;-
2011-9236;2011;20/08/2011 16:38;13;La Ciotat;0.0010;Malveillance;-
2011-9237;2011;20/08/2011 18:39;13;La Ciotat;0.0010;Malveillance;-
2011-9238;2011;20/08/2011 20:22;13;La Ciotat;0.0015;Malveillance;-
2011-9239;2011;21/08/2011 09:38;13;La Ciotat;0.0010;Malveillance;-
2011-9240;2011;21/08/2011 11:39;13;La Ciotat;0.0015;Malveillance;-
2011-9242;2011;21/08/2011 12:20;13;La Ciotat;0.0015;Malveillance;-
2011-9243;2011;21/08/2011 13:24;13;La Ciotat;0.0010;Malveillance;-
2011-9244;2011;22/08/2011 13:27;13;La Ciotat;0.0010;Malveillance;-
2011-9245;2011;22/08/2011 20:19;13;La Ciotat;0.0010;Malveillance;-
2011-9246;2011;23/08/2011 16:00;13;La Ciotat;0.0005;Malveillance;-
2011-10960;2011;24/08/2011 01:10;13;La Ciotat;0.0040;Malveillance;-
2011-9247;2011;24/08/2011 03:06;13;La Ciotat;0.0040;Malveillance;-
2011-9248;2011;24/08/2011 08:50;13;La Ciotat;0.0005;Malveillance;-
2011-9250;2011;24/08/2011 16:16;13;Les Pennes-Mirabeau;0.0010;-;-
2011-9251;2011;26/08/2011 22:09;13;La Ciotat;0.0015;Malveillance;-
2011-9254;2011;27/08/2011 12:49;13;La Ciotat;0.0010;Malveillance;-
2011-9253;2011;27/08/2011 21:18;13;La Ciotat;0.0020;Malveillance;-
2011-9256;2011;29/08/2011 10:16;13;Châteauneuf-les-Martigues;0.0400;Malveillance;-
2011-9255;2011;29/08/2011 12:49;13;Cassis;0.0050;Involontaire (travaux);-
2011-10395;2011;29/08/2011 15:46;13;Marseille;3.0000;Malveillance;-
2011-9257;2011;29/08/2011 16:02;13;Saint-Étienne-du-Grès;0.3000;Involontaire (travaux);-
2011-10964;2011;31/08/2011 16:25;13;Salon-de-Provence;0.0600;Involontaire (travaux);-
2011-10965;2011;01/09/2011 19:30;13;Lançon-Provence;0.0050;Malveillance;-
2011-10398;2011;06/09/2011 04:06;13;Marseille;0.0150;Malveillance;-
2011-10966;2011;06/09/2011 13:43;13;La Ciotat;0.0020;Malveillance;-
2011-10968;2011;09/09/2011 16:33;13;Port-de-Bouc;0.0600;-;-
2011-10967;2011;11/09/2011 11:43;13;La Ciotat;0.0030;Malveillance;-
2011-10969;2011;12/09/2011 22:26;13;Gémenos;0.0100;Malveillance;-
2011-10970;2011;12/09/2011 22:54;13;Gémenos;0.0050;Malveillance;-
2011-10971;2011;12/09/2011 23:30;13;Gémenos;0.0200;Malveillance;-
2011-10972;2011;14/09/2011 18:18;13;Aurons;0.0050;-;-
2011-10973;2011;23/09/2011 00:11;13;Cassis;1.3000;Involontaire (particulier);-
2011-10981;2011;29/09/2011 16:53;13;Les Baux-de-Provence;0.5700;-;-
2011-10979;2011;01/10/2011 14:54;13;La Destrousse;0.2600;Involontaire (particulier);-
2011-10980;2011;01/10/2011 15:51;13;Roquevaire;0.1000;Involontaire (particulier);-
2011-10982;2011;04/10/2011 19:31;13;Saint-Étienne-du-Grès;0.0200;Involontaire (particulier);-
2011-10986;2011;07/10/2011 15:50;13;Éguilles;0.1800;Involontaire (particulier);-
2011-10983;2011;08/10/2011 16:52;13;Saint-Étienne-du-Grès;0.0150;Involontaire (particulier);-
2011-10984;2011;09/10/2011 12:06;13;La Ciotat;0.0005;Malveillance;-
2011-10987;2011;10/10/2011 14:12;13;Auriol;0.0200;Involontaire (particulier);-
2011-10988;2011;10/10/2011 15:06;13;Martigues;0.4000;-;-
2011-12311;2011;15/10/2011 03:33;13;Marseille;0.0600;Malveillance;-
2011-12312;2011;19/10/2011 18:58;13;Marseille;0.8000;Malveillance;-
2012-8745;2012;07/02/2012 15:00;13;Miramas;1.5000;Accidentelle;-
2012-8781;2012;12/02/2012 17:55;13;Barbentane;0.1000;-;-
2012-8779;2012;21/02/2012 13:54;13;Puyloubier;0.0100;Involontaire (particulier);-
2012-8778;2012;21/02/2012 16:41;13;Peyrolles-en-Provence;0.5000;Involontaire (particulier);-
2012-8777;2012;22/02/2012 11:15;13;Le Rove;0.3000;Involontaire (particulier);-
2012-8776;2012;23/02/2012 13:12;13;Aix-en-Provence;0.2000;Involontaire (particulier);-
2012-8775;2012;23/02/2012 15:11;13;Salon-de-Provence;0.3000;-;-
2012-8773;2012;23/02/2012 15:55;13;Miramas;1.0000;-;-
2012-8774;2012;23/02/2012 16:33;13;Miramas;0.0300;Involontaire (particulier);-
2012-8771;2012;24/02/2012 13:50;13;Maussane-les-Alpilles;0.2000;-;-
2012-8768;2012;26/02/2012 06:48;13;Eyguières;0.3000;Involontaire (particulier);-
2012-8769;2012;26/02/2012 11:22;13;Salon-de-Provence;1.5000;Involontaire (particulier);-
2012-8788;2012;28/02/2012 13:48;13;Rognes;0.1000;Involontaire (particulier);-
2012-8770;2012;28/02/2012 16:28;13;Pélissanne;0.0200;Involontaire (particulier);-
2012-8782;2012;07/03/2012 14:07;13;Saint-Marc-Jaumegarde;0.2000;Involontaire (particulier);-
2012-8784;2012;07/03/2012 17:05;13;Fuveau;0.2500;Involontaire (particulier);-
2012-8785;2012;07/03/2012 18:50;13;Saint-Chamas;0.2000;Involontaire (particulier);-
2012-8786;2012;10/03/2012 06:15;13;Aubagne;0.0080;Accidentelle;-
2012-8792;2012;12/03/2012 15:32;13;Auriol;0.0300;Involontaire (particulier);-
2012-8791;2012;12/03/2012 17:06;13;Trets;0.1000;Involontaire (particulier);-
2012-8787;2012;13/03/2012 12:00;13;Miramas;0.1500;Involontaire (particulier);-
2012-8790;2012;13/03/2012 14:34;13;Auriol;0.1000;Involontaire (particulier);-
2012-8789;2012;16/03/2012 15:25;13;Simiane-Collongue;0.1000;Involontaire (particulier);-
2012-8795;2012;22/03/2012 14:13;13;Rognac;0.5000;-;-
2012-8793;2012;28/03/2012 16:12;13;Lambesc;0.1000;Accidentelle;-
2012-8797;2012;29/03/2012 17:16;13;Gréasque;0.2000;Malveillance;-
2012-8798;2012;31/03/2012 16:32;13;Auriol;0.0150;Involontaire (particulier);-
2012-8799;2012;01/04/2012 16:13;13;Trets;0.8000;Malveillance;-
2012-8800;2012;03/04/2012 14:24;13;Aix-en-Provence;0.0100;Malveillance;-
2012-8801;2012;08/04/2012 19:03;13;Martigues;0.0250;Involontaire (particulier);-
2012-8802;2012;27/04/2012 13:00;13;Rognes;0.3000;Involontaire (particulier);-
2012-8809;2012;07/05/2012 20:38;13;Marseille;0.0600;Malveillance;-
2012-8804;2012;11/05/2012 13:21;13;Martigues;0.3500;-;-
2012-8806;2012;12/05/2012 19:26;13;Orgon;0.0300;Malveillance;-
2012-8810;2012;14/05/2012 06:40;13;Marseille;0.0200;Malveillance;-
2012-8807;2012;14/05/2012 16:54;13;Velaux;0.2000;-;-
2012-8780;2012;15/05/2012 13:57;13;Martigues;0.2000;-;-
2012-8808;2012;15/05/2012 18:36;13;Orgon;0.0100;Malveillance;-
2012-10974;2012;16/05/2012 01:12;13;Les Pennes-Mirabeau;0.0300;-;-
2012-10975;2012;16/05/2012 14:06;13;Fuveau;0.1200;Malveillance;-
2012-10977;2012;16/05/2012 21:40;13;Fuveau;0.0100;Malveillance;-
2012-10976;2012;17/05/2012 20:06;13;Cadolive;0.1000;Malveillance;-
2012-10978;2012;18/05/2012 07:35;13;Fuveau;0.0100;Malveillance;-
2012-10979;2012;18/05/2012 20:21;13;Eyragues;0.1000;-;-
2012-10982;2012;19/05/2012 14:50;13;Fuveau;0.0100;Malveillance;-
2012-10981;2012;19/05/2012 18:48;13;Velaux;0.2000;-;-
2012-10984;2012;25/05/2012 09:56;13;Fuveau;0.0075;Malveillance;-
2012-10985;2012;25/05/2012 16:06;13;Fuveau;0.0080;Malveillance;-
2012-10986;2012;26/05/2012 01:30;13;Fuveau;0.0050;Malveillance;-
2012-8803;2012;26/05/2012 11:37;13;Fontvieille;0.1000;-;-
2012-10987;2012;28/05/2012 01:15;13;Fuveau;0.0090;Malveillance;-
2012-10988;2012;31/05/2012 16:42;13;Fuveau;0.0090;Malveillance;-
2012-8811;2012;04/06/2012 19:01;13;Marseille;0.7500;Malveillance;-
2012-12541;2012;17/06/2012 03:44;13;Marseille;0.4000;-;-
2012-10989;2012;19/06/2012 20:46;13;Orgon;0.0030;Malveillance;-
2012-10992;2012;21/06/2012 14:23;13;Martigues;0.0700;-;-
2012-8796;2012;22/06/2012 13:02;13;Peynier;0.0500;Involontaire (particulier);-
2012-10991;2012;22/06/2012 14:43;13;Istres;0.0050;Malveillance;-
2012-10990;2012;25/06/2012 00:30;13;La Barben;0.0200;Accidentelle;-
2012-10993;2012;25/06/2012 18:20;13;Vitrolles;0.5700;Involontaire (particulier);-
2012-12542;2012;25/06/2012 20:35;13;Marseille;0.0200;-;-
2012-12543;2012;25/06/2012 23:43;13;Marseille;0.4000;-;-
2012-10995;2012;26/06/2012 20:15;13;Meyreuil;2.4000;Involontaire (particulier);-
2012-10997;2012;28/06/2012 13:04;13;La Ciotat;0.0006;Malveillance;-
2012-11009;2012;28/06/2012 16:57;13;Orgon;0.0030;Malveillance;-
2012-10996;2012;29/06/2012 15:07;13;Allauch;3.6000;Malveillance;-
2012-11010;2012;30/06/2012 15:30;13;Salon-de-Provence;0.0200;-;-
2012-11014;2012;30/06/2012 21:36;13;La Ciotat;0.0020;Malveillance;-
2012-11012;2012;03/07/2012 18:01;13;Orgon;0.0350;Malveillance;-
2012-11011;2012;04/07/2012 09:24;13;Aurons;0.0250;Naturelle;-
2012-11013;2012;04/07/2012 12:18;13;Peyrolles-en-Provence;0.0200;Involontaire (particulier);-
2012-11107;2012;05/07/2012 11:08;13;Martigues;0.0300;Malveillance;-
2012-11016;2012;05/07/2012 11:08;13;Martigues;0.0500;Malveillance;-
2012-11015;2012;05/07/2012 20:44;13;Plan-d'Orgon;0.0040;Malveillance;-
2012-11108;2012;06/07/2012 15:13;13;Miramas;0.0150;Malveillance;-
2012-11109;2012;06/07/2012 15:13;13;Istres;0.0300;-;-
2012-11110;2012;07/07/2012 16:05;13;Salon-de-Provence;0.6000;Involontaire (particulier);-
2012-11111;2012;09/07/2012 12:37;13;Aix-en-Provence;0.1500;-;-
2012-11114;2012;09/07/2012 14:55;13;Aix-en-Provence;0.0050;-;-
2012-11115;2012;09/07/2012 16:20;13;Grans;0.0200;-;-
2012-11177;2012;09/07/2012 18:20;13;Miramas;0.0100;Malveillance;-
2012-11118;2012;09/07/2012 18:20;13;Miramas;0.0100;-;-
2012-11179;2012;11/07/2012 13:36;13;Martigues;0.5000;Malveillance;-
2012-12544;2012;11/07/2012 15:33;13;Marseille;0.1400;-;-
2012-11180;2012;11/07/2012 15:57;13;Septèmes-les-Vallons;0.0300;Involontaire (particulier);-
2012-11181;2012;11/07/2012 19:54;13;Auriol;0.0010;Malveillance;-
2012-11178;2012;12/07/2012 19:51;13;Ensuès-la-Redonne;0.0150;-;-
2012-11191;2012;13/07/2012 14:41;13;Le Rove;0.3500;-;-
2012-11183;2012;14/07/2012 09:35;13;Le Tholonet;0.0200;Involontaire (particulier);-
2012-11184;2012;14/07/2012 18:48;13;Istres;0.0500;-;-
2012-11186;2012;14/07/2012 18:49;13;Ensuès-la-Redonne;0.0200;Involontaire (particulier);-
2012-11185;2012;14/07/2012 18:56;13;Aix-en-Provence;0.0150;Accidentelle;-
2012-11187;2012;14/07/2012 23:58;13;Marseille;0.1000;Malveillance;-
2012-12545;2012;15/07/2012 01:06;13;Marseille;3.0000;-;-
2012-11188;2012;15/07/2012 01:55;13;Le Rove;0.9980;Involontaire (particulier);-
2012-11189;2012;15/07/2012 17:20;13;Cuges-les-Pins;0.0100;Involontaire (particulier);-
2012-11190;2012;15/07/2012 17:29;13;Aurons;0.0250;-;-
2012-11192;2012;16/07/2012 18:58;13;Orgon;7.4000;Malveillance;-
2012-11194;2012;17/07/2012 11:55;13;Grans;0.0050;-;-
2012-11195;2012;17/07/2012 17:39;13;Miramas;0.0500;Malveillance;-
2012-11196;2012;20/07/2012 19:04;13;Grans;0.0200;Accidentelle;-
2012-11198;2012;21/07/2012 00:53;13;Istres;2.0000;-;-
2012-11197;2012;21/07/2012 20:42;13;Roquefort-la-Bédoule;0.0100;Involontaire (particulier);-
2012-11199;2012;22/07/2012 15:26;13;Ensuès-la-Redonne;0.0100;-;-
2012-11200;2012;22/07/2012 17:35;13;La Ciotat;0.0010;Malveillance;-
2012-11205;2012;23/07/2012 12:50;13;Orgon;0.0300;Malveillance;-
2012-11201;2012;23/07/2012 15:08;13;Aix-en-Provence;18.0000;Malveillance;-
2012-11202;2012;23/07/2012 15:56;13;Meyreuil;0.2000;Malveillance;-
2012-11203;2012;23/07/2012 21:24;13;Alleins;0.1500;-;-
2012-11206;2012;24/07/2012 15:58;13;Orgon;0.0300;Malveillance;-
2012-11207;2012;25/07/2012 18:18;13;Grans;0.2500;Malveillance;-
2012-11209;2012;26/07/2012 06:12;13;La Ciotat;0.0100;Malveillance;-
2012-11210;2012;28/07/2012 21:58;13;Aix-en-Provence;0.0800;Malveillance;-
2012-11208;2012;30/07/2012 18:47;13;Miramas;0.2000;Malveillance;-
2012-11211;2012;01/08/2012 05:58;13;Gardanne;0.0150;-;-
2012-11660;2012;03/08/2012 17:40;13;Martigues;1.4000;-;-
2012-11661;2012;03/08/2012 22:20;13;Martigues;0.0200;Malveillance;-
2012-11665;2012;07/08/2012 22:03;13;Port-de-Bouc;0.0050;-;-
2012-11662;2012;08/08/2012 18:20;13;Miramas;0.0200;Malveillance;-
2012-11666;2012;10/08/2012 11:08;13;Aubagne;0.0500;Involontaire (travaux);-
2012-11667;2012;10/08/2012 14:01;13;Coudoux;0.0020;-;-
2012-11668;2012;11/08/2012 00:20;13;Aubagne;0.0200;-;-
2012-11669;2012;15/08/2012 19:27;13;Aubagne;0.0020;Involontaire (particulier);-
2012-11671;2012;18/08/2012 19:14;13;Rousset;0.0200;Involontaire (travaux);-
2012-11670;2012;18/08/2012 20:26;13;Saint-Cannat;0.0200;-;-
2012-11733;2012;21/08/2012 11:28;13;Istres;0.0020;Malveillance;-
2012-13052;2012;21/08/2012 14:40;13;Bouc-Bel-Air;0.0100;Involontaire (particulier);-
2012-13054;2012;23/08/2012 17:26;13;Velaux;0.0100;-;-
2012-13057;2012;24/08/2012 18:24;13;Martigues;0.0600;-;-
2012-13058;2012;25/08/2012 14:00;13;Martigues;0.1000;Malveillance;-
2012-13059;2012;25/08/2012 15:58;13;Martigues;0.0500;Malveillance;-
2012-13061;2012;25/08/2012 20:10;13;Port-de-Bouc;0.0100;Malveillance;-
2012-13063;2012;26/08/2012 01:12;13;Berre-l'Étang;1.5000;Malveillance;-
2012-12063;2012;26/08/2012 02:37;13;Orgon;738.0000;Malveillance;-
2012-13065;2012;26/08/2012 15:18;13;La Roque-d'Anthéron;0.0100;-;-
2012-13072;2012;31/08/2012 22:22;13;Septèmes-les-Vallons;0.0100;Accidentelle;-
2012-13074;2012;02/09/2012 05:12;13;Simiane-Collongue;0.0200;-;-
2012-13075;2012;02/09/2012 18:00;13;Meyrargues;0.0100;-;-
2012-13069;2012;02/09/2012 21:54;13;Aurons;1.3000;Malveillance;-
2012-13076;2012;04/09/2012 19:11;13;Miramas;0.0020;Malveillance;-
2012-13077;2012;06/09/2012 18:43;13;Fuveau;0.0020;Malveillance;-
2012-13079;2012;07/09/2012 14:10;13;Éguilles;0.0800;Involontaire (travaux);-
2012-4343;2012;08/09/2012 11:05;13;Vitrolles;0.0005;Naturelle;-
2012-13080;2012;10/09/2012 17:20;13;Marignane;0.0150;Malveillance;-
2012-13081;2012;11/09/2012 14:21;13;Châteauneuf-le-Rouge;0.0100;-;-
2012-13082;2012;12/09/2012 19:59;13;Mimet;0.0400;Involontaire (particulier);-
2012-13083;2012;12/09/2012 21:58;13;Les Pennes-Mirabeau;0.0100;Accidentelle;-
2012-13084;2012;13/09/2012 14:47;13;Châteauneuf-les-Martigues;0.0150;Malveillance;-
2012-13085;2012;13/09/2012 16:41;13;Martigues;0.0300;Malveillance;-
2012-13086;2012;13/09/2012 17:26;13;Velaux;32.0000;Malveillance;-
2012-13087;2012;14/09/2012 18:06;13;Ventabren;0.0250;-;-
2012-13088;2012;14/09/2012 19:40;13;Aubagne;0.0150;-;-
2012-13092;2012;16/09/2012 10:24;13;Martigues;0.0050;Malveillance;-
2012-13093;2012;16/09/2012 11:39;13;Saint-Savournin;0.0050;Malveillance;-
2012-13097;2012;19/09/2012 21:57;13;Aurons;0.1900;Malveillance;-
2012-13094;2012;21/09/2012 13:14;13;Saint-Mitre-les-Remparts;1.5000;-;-
2012-13095;2012;27/09/2012 19:00;13;Marignane;0.0150;Malveillance;-
2012-4194;2012;10/10/2012 17:27;13;Marseille;0.0300;Malveillance;-
2012-4195;2012;20/10/2012 14:22;13;Marseille;0.6000;Accidentelle;-
2013-9421;2013;24/02/2013 09:12;13;Marseille;54.0000;-;-
2013-3112;2013;11/03/2013 13:22;13;Rognes;0.1500;Involontaire (travaux);-
2013-3111;2013;15/03/2013 00:46;13;Mouriès;0.0300;-;-
2013-3115;2013;13/04/2013 14:32;13;Istres;0.0150;Involontaire (particulier);-
2013-3116;2013;15/04/2013 14:57;13;Fos-sur-Mer;0.0300;-;-
2013-3117;2013;21/04/2013 16:51;13;Lançon-Provence;0.4000;-;-
2013-3880;2013;25/05/2013 08:48;13;Marseille;0.0500;-;-
2013-3890;2013;02/06/2013 14:09;13;Marseille;0.0100;-;-
2013-3894;2013;20/06/2013 16:13;13;Marseille;0.0300;-;-
2013-3118;2013;24/06/2013 03:41;13;Martigues;0.0200;Accidentelle;-
2013-3162;2013;24/06/2013 18:30;13;Allauch;0.2000;-;-
2013-3899;2013;25/06/2013 18:37;13;Marseille;0.6000;-;-
2013-3422;2013;26/06/2013 14:54;13;Martigues;0.0300;Involontaire (particulier);-
2013-3418;2013;26/06/2013 16:09;13;Les Pennes-Mirabeau;0.3000;Accidentelle;-
2013-3413;2013;26/06/2013 20:58;13;Fontvieille;0.2300;-;-
2013-3426;2013;28/06/2013 15:25;13;Fos-sur-Mer;4.4500;Malveillance;-
2013-3429;2013;30/06/2013 17:31;13;Eyguières;0.0400;Involontaire (particulier);-
2013-3432;2013;30/06/2013 18:42;13;Gignac-la-Nerthe;0.3000;Accidentelle;-
2013-3433;2013;01/07/2013 01:04;13;Saint-Estève-Janson;0.0200;-;-
2013-3437;2013;01/07/2013 14:35;13;Cabriès;0.0200;Involontaire (travaux);-
2013-7611;2013;01/07/2013 16:50;13;Meyrargues;0.0030;Involontaire (travaux);-
2013-3439;2013;02/07/2013 16:43;13;Miramas;0.2500;Malveillance;-
2013-3472;2013;04/07/2013 15:47;13;Ventabren;0.0200;Malveillance;-
2013-6684;2013;04/07/2013 19:15;13;Marseille;2.0000;-;-
2013-7612;2013;06/07/2013 11:40;13;Pélissanne;0.0200;Involontaire (travaux);-
2013-4120;2013;08/07/2013 10:35;13;Les Pennes-Mirabeau;0.0200;Involontaire (particulier);-
2013-4121;2013;08/07/2013 14:12;13;Rousset;0.0200;Naturelle;-
2013-4122;2013;08/07/2013 14:35;13;Trets;0.0400;Naturelle;-
2013-7613;2013;08/07/2013 16:47;13;Le Rove;0.0030;Involontaire (particulier);-
2013-4123;2013;09/07/2013 13:42;13;Miramas;0.0200;Involontaire (particulier);-
2013-4124;2013;09/07/2013 17:00;13;Aix-en-Provence;0.0300;Involontaire (particulier);-
2013-7614;2013;10/07/2013 15:35;13;Eygalières;0.0100;Involontaire (particulier);-
2013-4126;2013;10/07/2013 15:44;13;La Ciotat;0.0100;Malveillance;-
2013-7616;2013;10/07/2013 17:44;13;Les Pennes-Mirabeau;0.0100;-;-
2013-4129;2013;12/07/2013 02:04;13;Les Pennes-Mirabeau;0.0300;Accidentelle;-
2013-7617;2013;12/07/2013 15:18;13;Rousset;0.5000;Naturelle;-
2013-4131;2013;13/07/2013 15:59;13;La Penne-sur-Huveaune;0.0200;Involontaire (particulier);-
2013-7618;2013;13/07/2013 16:30;13;Cabriès;0.0100;-;-
2013-7619;2013;15/07/2013 13:29;13;Gardanne;0.0150;Involontaire (particulier);-
2013-4133;2013;16/07/2013 14:21;13;Istres;0.5000;-;-
2013-4135;2013;16/07/2013 14:55;13;Le Puy-Sainte-Réparade;0.0100;Involontaire (particulier);-
2013-4137;2013;16/07/2013 16:15;13;Les Baux-de-Provence;0.0100;-;-
2013-4140;2013;16/07/2013 19:00;13;Saint-Rémy-de-Provence;0.0100;-;-
2013-4141;2013;17/07/2013 17:36;13;Barbentane;0.1000;Naturelle;-
2013-4143;2013;17/07/2013 19:12;13;Aix-en-Provence;0.0200;Naturelle;-
2013-4144;2013;18/07/2013 16:01;13;Martigues;0.0100;Involontaire (particulier);-
2013-4146;2013;18/07/2013 18:52;13;Vitrolles;0.0100;Naturelle;-
2013-4148;2013;18/07/2013 19:13;13;Aubagne;0.0400;Naturelle;-
2013-4151;2013;18/07/2013 20:00;13;La Ciotat;0.0200;Naturelle;-
2013-4500;2013;19/07/2013 09:56;13;Roquefort-la-Bédoule;0.0400;Naturelle;-
2013-7620;2013;19/07/2013 14:00;13;Ventabren;0.0500;Naturelle;-
2013-7621;2013;20/07/2013 12:57;13;Carnoux-en-Provence;0.0100;-;-
2013-4501;2013;20/07/2013 14:45;13;Aubagne;0.0050;-;-
2013-7622;2013;21/07/2013 17:02;13;Vitrolles;0.0050;Involontaire (particulier);-
2013-4502;2013;22/07/2013 14:21;13;Marignane;0.0800;Malveillance;-
2013-6686;2013;23/07/2013 14:25;13;Marseille;1.0000;-;-
2013-7623;2013;27/07/2013 18:00;13;Peypin;0.0100;-;-
2013-5190;2013;28/07/2013 10:10;13;Aix-en-Provence;0.4500;Involontaire (particulier);-
2013-5191;2013;28/07/2013 14:35;13;Rognes;0.0150;Involontaire (particulier);-
2013-5193;2013;30/07/2013 23:20;13;Saint-Mitre-les-Remparts;0.0150;Accidentelle;-
2013-5192;2013;01/08/2013 11:40;13;Aubagne;0.0150;-;-
2013-7624;2013;02/08/2013 20:00;13;Aix-en-Provence;0.0100;-;-
2013-7627;2013;03/08/2013 14:16;13;Martigues;0.0100;Naturelle;-
2013-7625;2013;03/08/2013 16:00;13;Istres;0.0100;Naturelle;-
2013-7628;2013;04/08/2013 16:32;13;Miramas;0.0100;Malveillance;-
2013-7629;2013;05/08/2013 18:17;13;Gardanne;0.0100;Involontaire (particulier);-
2013-5453;2013;08/08/2013 11:05;13;Vitrolles;0.0050;Naturelle;-
2013-7630;2013;09/08/2013 16:40;13;Aix-en-Provence;0.0100;-;-
2013-5194;2013;10/08/2013 13:17;13;La Ciotat;0.0040;Malveillance;-
2013-7631;2013;10/08/2013 15:22;13;Rognac;0.0010;-;-
2013-5195;2013;11/08/2013 16:03;13;Ensuès-la-Redonne;0.0380;Malveillance;-
2013-5196;2013;11/08/2013 16:33;13;Miramas;0.0100;Malveillance;-
2013-5197;2013;11/08/2013 23:03;13;Fos-sur-Mer;0.1000;Malveillance;-
2013-7632;2013;12/08/2013 17:01;13;Aureille;0.0010;Involontaire (particulier);-
2013-5198;2013;13/08/2013 17:21;13;Miramas;0.0020;-;-
2013-5199;2013;13/08/2013 18:05;13;Martigues;0.0080;Malveillance;-
2013-5448;2013;15/08/2013 00:44;13;Ceyreste;0.0150;Malveillance;-
2013-5449;2013;15/08/2013 01:52;13;La Ciotat;0.0050;Malveillance;-
2013-5450;2013;15/08/2013 02:18;13;La Ciotat;0.0100;Malveillance;-
2013-5452;2013;15/08/2013 16:48;13;Miramas;0.0150;Malveillance;-
2013-7633;2013;15/08/2013 17:00;13;Mimet;0.0100;Involontaire (particulier);-
2013-7634;2013;16/08/2013 18:16;13;Miramas;0.0100;Malveillance;-
2013-7635;2013;18/08/2013 14:21;13;Saint-Estève-Janson;0.0150;Involontaire (particulier);-
2013-5998;2013;22/08/2013 19:18;13;Gardanne;0.0500;Malveillance;-
2013-5987;2013;23/08/2013 15:40;13;Meyrargues;0.2500;Involontaire (particulier);-
2013-7636;2013;24/08/2013 14:38;13;Miramas;0.0200;Malveillance;-
2013-6827;2013;24/08/2013 19:53;13;Marseille;3.0000;-;-
2013-5989;2013;25/08/2013 08:56;13;La Ciotat;0.0030;Malveillance;-
2013-5993;2013;25/08/2013 15:47;13;Trets;0.0100;Malveillance;-
2013-5994;2013;25/08/2013 20:09;13;Miramas;0.0100;Malveillance;-
2013-5996;2013;26/08/2013 02:13;13;Aubagne;0.3800;Involontaire (particulier);-
2013-7638;2013;26/08/2013 11:35;13;Istres;0.0050;-;-
2013-5997;2013;26/08/2013 14:57;13;Gardanne;0.0500;Involontaire (particulier);-
2013-5999;2013;28/08/2013 04:09;13;Les Pennes-Mirabeau;0.6000;Accidentelle;-
2013-6000;2013;29/08/2013 17:13;13;Meyrargues;0.0102;Malveillance;-
2013-7639;2013;30/08/2013 13:25;13;Peynier;0.0050;Involontaire (particulier);-
2013-6001;2013;30/08/2013 22:27;13;Le Puy-Sainte-Réparade;0.0100;Accidentelle;-
2013-6752;2013;31/08/2013 07:10;13;Carry-le-Rouet;1.8971;-;-
2013-6002;2013;01/09/2013 13:34;13;Vitrolles;0.0100;-;-
2013-6755;2013;02/09/2013 18:12;13;Miramas;0.0050;Malveillance;-
2013-7640;2013;03/09/2013 15:33;13;Lançon-Provence;0.0050;Involontaire (particulier);-
2013-7641;2013;04/09/2013 15:00;13;Saint-Cannat;0.0100;Involontaire (particulier);-
2013-6757;2013;04/09/2013 16:03;13;Vitrolles;0.0100;-;-
2013-6758;2013;05/09/2013 12:15;13;Rognes;0.0100;-;-
2013-6759;2013;05/09/2013 15:03;13;Salon-de-Provence;0.1500;-;-
2013-6760;2013;05/09/2013 15:15;13;Meyreuil;0.0200;Involontaire (travaux);-
2013-6754;2013;07/09/2013 16:18;13;Septèmes-les-Vallons;1.5000;-;-
2013-6762;2013;07/09/2013 23:06;13;Lambesc;0.0100;-;-
2013-6763;2013;11/09/2013 17:16;13;Alleins;0.2000;-;-
2013-6764;2013;11/09/2013 22:24;13;Cabriès;7.2700;-;-
2013-6765;2013;12/09/2013 13:52;13;Rognes;0.0100;-;-
2013-6768;2013;13/09/2013 15:39;13;Barbentane;0.2000;-;-
2013-6766;2013;13/09/2013 18:04;13;Rognes;0.0100;-;-
2013-6769;2013;19/09/2013 16:19;13;Rognac;0.8000;-;-
2013-7645;2013;25/09/2013 11:50;13;Saint-Mitre-les-Remparts;0.3000;Involontaire (particulier);-
2013-7646;2013;25/09/2013 15:38;13;Tarascon;0.2000;Involontaire (particulier);-
2013-7642;2013;26/09/2013 00:31;13;Fuveau;0.0100;Malveillance;-
2013-7643;2013;29/09/2013 00:43;13;Fuveau;0.0060;Malveillance;-
2013-7644;2013;29/09/2013 06:08;13;Fuveau;0.6000;Malveillance;-
2013-7647;2013;22/10/2013 19:09;13;Allauch;11.4000;Malveillance;-
2013-8784;2013;06/12/2013 18:57;13;Mouriès;6.3000;Accidentelle;-
2014-3245;2014;06/04/2014 17:18;13;Allauch;0.0010;-;-
2014-3237;2014;10/04/2014 17:46;13;Fuveau;0.0050;Malveillance;-
2014-3236;2014;14/04/2014 16:42;13;Fuveau;0.0100;Malveillance;-
2014-3235;2014;14/04/2014 16:42;13;Fuveau;0.0100;Malveillance;-
2014-3240;2014;14/04/2014 18:10;13;Grans;0.0020;-;-
2014-3241;2014;18/04/2014 14:27;13;Fontvieille;0.2200;Involontaire (travaux);-
2014-3246;2014;19/04/2014 18:42;13;Allauch;0.0200;-;-
2014-3259;2014;30/04/2014 16:36;13;Pélissanne;0.0800;-;-
2014-3238;2014;09/05/2014 17:40;13;Fuveau;0.0800;Malveillance;-
2014-3242;2014;11/05/2014 16:31;13;Miramas;0.0200;Malveillance;-
2014-3239;2014;12/05/2014 17:22;13;Fuveau;0.0400;Malveillance;-
2014-3244;2014;13/05/2014 13:43;13;Martigues;0.2200;-;-
2014-3551;2014;15/05/2014 22:38;13;Marseille;2.0000;Malveillance;-
2014-3247;2014;16/05/2014 15:01;13;Ceyreste;0.2000;Involontaire (travaux);-
2014-3555;2014;27/05/2014 15:10;13;Saint-Chamas;0.2500;Involontaire (particulier);-
2014-3570;2014;29/05/2014 21:00;13;La Ciotat;0.0010;Malveillance;-
2014-3573;2014;30/05/2014 13:53;13;Belcodène;0.0100;Involontaire (particulier);-
2014-3574;2014;31/05/2014 11:23;13;Saint-Chamas;0.0500;Involontaire (particulier);-
2014-3554;2014;03/06/2014 15:45;13;Marseille;0.3500;-;-
2014-3553;2014;03/06/2014 15:45;13;Marseille;0.3500;-;-
2014-5298;2014;08/06/2014 11:54;13;Aubagne;0.1500;-;-
2014-5297;2014;08/06/2014 12:59;13;Lambesc;1.7000;-;-
2014-5307;2014;08/06/2014 14:39;13;Cabriès;0.2500;-;-
2014-3571;2014;09/06/2014 16:49;13;La Ciotat;0.0020;Malveillance;-
2014-5305;2014;10/06/2014 15:24;13;Saint-Chamas;0.1000;-;-
2014-3575;2014;12/06/2014 19:22;13;Pélissanne;0.0250;Naturelle;-
2014-3576;2014;12/06/2014 20:25;13;Le Rove;0.0200;Naturelle;-
2014-3577;2014;13/06/2014 12:13;13;Lamanon;0.0600;Naturelle;-
2014-5299;2014;14/06/2014 14:56;13;La Ciotat;0.0100;Malveillance;-
2014-5300;2014;14/06/2014 16:36;13;La Ciotat;0.0100;Malveillance;-
2014-5301;2014;14/06/2014 16:40;13;La Ciotat;0.0100;Malveillance;-
2014-5302;2014;20/06/2014 11:44;13;La Ciotat;0.0150;Malveillance;-
2014-5303;2014;20/06/2014 16:38;13;La Ciotat;0.0100;Malveillance;-
2014-5304;2014;22/06/2014 20:30;13;La Ciotat;0.0150;Malveillance;-
2014-5308;2014;26/06/2014 11:21;13;Lambesc;0.0500;Naturelle;-
2014-5309;2014;26/06/2014 14:32;13;La Ciotat;0.0100;Malveillance;-
2014-5310;2014;26/06/2014 20:31;13;La Ciotat;0.0050;Malveillance;-
2014-5311;2014;26/06/2014 21:42;13;Aix-en-Provence;0.0250;Involontaire (particulier);-
2014-5361;2014;27/06/2014 13:47;13;Marseille;0.2000;-;-
2014-5312;2014;28/06/2014 16:55;13;Fuveau;0.0050;-;-
2014-5313;2014;30/06/2014 15:29;13;Martigues;0.5000;-;-
2014-5363;2014;02/07/2014 19:04;13;Marseille;0.5000;-;-
2014-5364;2014;02/07/2014 22:33;13;Marseille;0.0100;-;-
2014-5465;2014;03/07/2014 06:58;13;Marseille;0.0030;-;-
2014-5315;2014;03/07/2014 12:31;13;Aix-en-Provence;0.0100;Malveillance;-
2014-5314;2014;03/07/2014 14:42;13;Aix-en-Provence;0.0050;Malveillance;-
2014-5329;2014;03/07/2014 16:22;13;Fuveau;0.0100;Malveillance;-
2014-5316;2014;03/07/2014 16:30;13;Aix-en-Provence;0.0100;Malveillance;-
2014-5318;2014;03/07/2014 19:35;13;Martigues;0.0150;Malveillance;-
2014-5326;2014;03/07/2014 19:47;13;Vauvenargues;0.0100;Accidentelle;-
2014-5320;2014;03/07/2014 20:58;13;Aix-en-Provence;0.0120;Malveillance;-
2014-5323;2014;03/07/2014 21:51;13;Lambesc;0.0100;Involontaire (particulier);-
2014-5366;2014;04/07/2014 03:02;13;Marseille;1.5000;-;-
2014-5365;2014;04/07/2014 17:14;13;Marseille;0.5000;-;-
2014-5344;2014;05/07/2014 16:45;13;Alleins;0.0300;Naturelle;-
2014-5336;2014;05/07/2014 17:03;13;Fuveau;0.0100;Malveillance;-
2014-5343;2014;07/07/2014 19:17;13;Allauch;0.3000;-;-
2014-5340;2014;09/07/2014 16:41;13;La Ciotat;0.3000;Malveillance;-
2014-5341;2014;09/07/2014 17:00;13;La Ciotat;0.0200;Malveillance;-
2014-5342;2014;09/07/2014 20:27;13;La Ciotat;0.0100;Malveillance;-
2014-5345;2014;10/07/2014 12:12;13;La Ciotat;0.0050;Malveillance;-
2014-5346;2014;10/07/2014 18:27;13;La Ciotat;0.0050;Malveillance;-
2014-5347;2014;11/07/2014 14:45;13;Istres;2.0000;-;-
2014-5348;2014;11/07/2014 23:45;13;Martigues;0.0200;Malveillance;-
2014-5466;2014;14/07/2014 16:55;13;Marseille;0.0600;-;-
2014-6237;2014;15/07/2014 00:50;13;Marseille;1.5000;-;-
2014-5349;2014;16/07/2014 17:30;13;Sausset-les-Pins;0.0800;Involontaire (particulier);-
2014-5353;2014;17/07/2014 17:51;13;Saint-Chamas;0.1500;-;-
2014-5352;2014;17/07/2014 18:21;13;Lançon-Provence;0.0100;Accidentelle;-
2014-5354;2014;19/07/2014 03:26;13;Châteauneuf-les-Martigues;0.0100;-;-
2014-5355;2014;19/07/2014 11:27;13;Septèmes-les-Vallons;0.0400;Malveillance;-
2014-5356;2014;20/07/2014 02:47;13;Martigues;0.0050;Malveillance;-
2014-5467;2014;20/07/2014 17:54;13;Marseille;0.0050;-;-
2014-5357;2014;21/07/2014 13:05;13;La Ciotat;0.3000;-;-
2014-5358;2014;21/07/2014 13:41;13;Lançon-Provence;0.1000;Naturelle;-
2014-5359;2014;21/07/2014 16:39;13;Velaux;0.0030;Naturelle;-
2014-5360;2014;22/07/2014 22:55;13;Auriol;0.0100;Involontaire (particulier);-
2014-5468;2014;27/07/2014 17:34;13;Marseille;2.0000;-;-
2014-5469;2014;29/07/2014 18:23;13;Marseille;0.0100;-;-
2014-5471;2014;29/07/2014 21:08;13;Marseille;0.5000;-;-
2014-6238;2014;01/08/2014 18:38;13;Marseille;0.0030;-;-
2014-5912;2014;02/08/2014 16:41;13;Rognes;0.0050;-;-
2014-5913;2014;05/08/2014 14:15;13;Port-de-Bouc;0.3000;-;-
2014-5915;2014;16/08/2014 16:36;13;Ceyreste;0.0350;Malveillance;-
2014-5916;2014;16/08/2014 16:36;13;Ceyreste;3.4900;Malveillance;-
2014-5920;2014;16/08/2014 19:50;13;Martigues;0.0500;Malveillance;-
2014-5918;2014;16/08/2014 22:30;13;Cassis;0.0200;-;-
2014-6974;2014;18/08/2014 18:14;13;Martigues;0.0500;Malveillance;-
2014-6980;2014;02/09/2014 13:03;13;Port-de-Bouc;0.4200;Malveillance;-
2014-6978;2014;02/09/2014 14:33;13;Roquevaire;0.0700;Involontaire (particulier);-
2014-6981;2014;11/09/2014 09:53;13;Saint-Mitre-les-Remparts;0.0500;Involontaire (particulier);-
2014-6982;2014;11/09/2014 16:03;13;Martigues;0.3000;Malveillance;-
2014-6983;2014;12/09/2014 10:58;13;Cornillon-Confoux;0.0050;-;-
2014-6984;2014;22/09/2014 22:36;13;Martigues;0.3600;Accidentelle;-
2014-6975;2014;25/09/2014 14:25;13;Fontvieille;0.0050;-;-
2015-5479;2015;05/01/2015 18:35;13;Marseille;0.0150;Accidentelle;-
2015-4934;2015;02/03/2015 17:36;13;Allauch;0.0050;Malveillance;-
2015-4935;2015;02/03/2015 17:40;13;Allauch;0.0250;Malveillance;-
2015-4931;2015;05/03/2015 12:12;13;Martigues;0.0500;Involontaire (travaux);-
2015-5480;2015;20/03/2015 17:26;13;Marseille;0.0130;-;-
2015-4933;2015;01/04/2015 20:59;13;Aubagne;0.2100;Accidentelle;-
2015-5478;2015;02/04/2015 18:27;13;Marseille;1.2000;-;-
2015-4936;2015;02/04/2015 18:44;13;Allauch;0.2600;Malveillance;-
2015-4938;2015;02/04/2015 19:18;13;Saint-Chamas;0.0100;-;-
2015-4932;2015;04/04/2015 22:28;13;Carnoux-en-Provence;0.0100;Malveillance;-
2015-4939;2015;06/04/2015 14:16;13;Rognac;0.0050;Involontaire (travaux);-
2015-4940;2015;13/04/2015 15:38;13;Saint-Rémy-de-Provence;0.0500;-;-
2015-4943;2015;11/05/2015 14:31;13;Auriol;0.0010;Involontaire (travaux);-
2015-4942;2015;11/05/2015 18:09;13;Trets;0.0700;Involontaire (travaux);-
2015-4941;2015;11/05/2015 19:49;13;Le Puy-Sainte-Réparade;0.1000;Involontaire (travaux);-
2015-4944;2015;15/05/2015 16:20;13;Allauch;2.2600;Malveillance;-
2015-5822;2015;21/05/2015 15:16;13;Aix-en-Provence;0.8000;Malveillance;-
2015-5825;2015;30/05/2015 16:19;13;Vitrolles;0.3500;Involontaire (particulier);-
2015-5827;2015;31/05/2015 16:10;13;Carnoux-en-Provence;0.0100;Malveillance;-
2015-5826;2015;31/05/2015 17:14;13;Fuveau;0.0100;Accidentelle;-
2015-5828;2015;02/06/2015 15:20;13;Istres;0.0100;-;-
2015-5823;2015;02/06/2015 17:26;13;Trets;0.0800;Involontaire (particulier);-
2015-5829;2015;09/06/2015 14:38;13;Châteauneuf-le-Rouge;0.2000;Naturelle;-
2015-5833;2015;09/06/2015 17:08;13;Fos-sur-Mer;3.2000;Involontaire (particulier);-
2015-5834;2015;09/06/2015 19:16;13;Vitrolles;0.2000;Naturelle;-
2015-5831;2015;10/06/2015 13:53;13;Martigues;0.7850;Naturelle;-
2015-5836;2015;20/06/2015 00:14;13;Le Rove;0.4000;Involontaire (particulier);-
2015-5838;2015;20/06/2015 15:31;13;Cabriès;0.0030;-;-
2015-8834;2015;24/06/2015 22:58;13;Carnoux-en-Provence;0.0150;Malveillance;-
2015-5840;2015;26/06/2015 14:02;13;Martigues;2.6000;Malveillance;-
2015-5841;2015;28/06/2015 15:02;13;Aix-en-Provence;0.8000;-;-
2015-5843;2015;03/07/2015 13:24;13;Martigues;0.0050;-;-
2015-8835;2015;04/07/2015 14:16;13;Carnoux-en-Provence;0.0002;Malveillance;-
2015-5847;2015;05/07/2015 06:38;13;Auriol;0.0120;Malveillance;-
2015-5844;2015;05/07/2015 19:00;13;Roquefort-la-Bédoule;0.0010;-;-
2015-5848;2015;05/07/2015 23:50;13;Auriol;0.0020;Malveillance;-
2015-7235;2015;07/07/2015 15:59;13;Miramas;0.1000;Malveillance;-
2015-7236;2015;08/07/2015 13:20;13;Saint-Rémy-de-Provence;0.0030;-;-
2015-7237;2015;08/07/2015 13:40;13;Ventabren;0.0600;Involontaire (particulier);-
2015-7239;2015;09/07/2015 02:46;13;Lambesc;0.0500;Malveillance;-
2015-7240;2015;09/07/2015 06:58;13;Carnoux-en-Provence;0.0020;Involontaire (particulier);-
2015-7238;2015;09/07/2015 23:55;13;Miramas;0.3000;Malveillance;-
2015-7241;2015;12/07/2015 15:02;13;Gignac-la-Nerthe;0.2000;-;-
2015-7243;2015;13/07/2015 11:40;13;Rognac;0.0800;-;-
2015-7244;2015;13/07/2015 15:27;13;Ensuès-la-Redonne;2.0000;-;-
2015-7245;2015;13/07/2015 22:18;13;Plan-de-Cuques;0.1000;Involontaire (particulier);-
2015-7246;2015;13/07/2015 23:20;13;Roquefort-la-Bédoule;0.0250;Involontaire (particulier);-
2015-7247;2015;14/07/2015 00:53;13;Istres;0.1500;Involontaire (particulier);-
2015-6963;2015;14/07/2015 01:28;13;Marseille;1.0000;-;-
2015-7654;2015;15/07/2015 01:06;13;Marseille;1.0000;Malveillance;-
2015-7248;2015;16/07/2015 15:57;13;Ceyreste;0.0100;Involontaire (particulier);-
2015-7249;2015;20/07/2015 12:17;13;Tarascon;0.0100;Involontaire (particulier);-
2015-7250;2015;20/07/2015 19:00;13;Cabriès;0.0150;-;-
2015-7251;2015;21/07/2015 16:37;13;Martigues;0.4000;Malveillance;-
2015-7252;2015;22/07/2015 19:05;13;Velaux;0.2500;-;-
2015-7254;2015;23/07/2015 10:56;13;Vitrolles;0.0200;Involontaire (particulier);-
2015-7255;2015;23/07/2015 12:03;13;Aubagne;0.1000;-;-
2015-7256;2015;23/07/2015 14:09;13;La Ciotat;0.0050;-;-
2015-7257;2015;23/07/2015 17:39;13;Trets;0.0100;Naturelle;-
2015-7258;2015;23/07/2015 21:23;13;Istres;0.0200;-;-
2015-7366;2015;24/07/2015 14:37;13;Auriol;0.2400;Naturelle;-
2015-7267;2015;25/07/2015 15:30;13;Gardanne;0.0150;Involontaire (particulier);-
2015-7269;2015;26/07/2015 12:02;13;Fuveau;0.0100;-;-
2015-7270;2015;26/07/2015 16:39;13;La Bouilladisse;0.0050;Accidentelle;-
2015-7272;2015;27/07/2015 00:55;13;Istres;0.0080;Malveillance;-
2015-7367;2015;27/07/2015 11:28;13;Vitrolles;0.0050;Involontaire (travaux);-
2015-7369;2015;27/07/2015 17:53;13;Pélissanne;1.0500;-;-
2015-7368;2015;28/07/2015 04:46;13;La Ciotat;0.3200;Malveillance;-
2015-7371;2015;28/07/2015 15:56;13;Velaux;26.6400;-;-
2015-7863;2015;30/07/2015 08:19;13;Aubagne;0.0010;Involontaire (particulier);-
2015-7862;2015;30/07/2015 08:19;13;Carnoux-en-Provence;0.0002;Malveillance;-
2015-7865;2015;30/07/2015 10:56;13;Mallemort;0.0020;Malveillance;-
2015-7867;2015;30/07/2015 14:44;13;La Penne-sur-Huveaune;0.0300;Malveillance;-
2015-7868;2015;30/07/2015 23:02;13;Septèmes-les-Vallons;0.0100;Accidentelle;-
2015-7448;2015;02/08/2015 06:40;13;Istres;0.0100;-;-
2015-7618;2015;06/08/2015 02:28;13;Jouques;0.0060;Accidentelle;-
2015-7655;2015;06/08/2015 19:01;13;Gardanne;0.0350;-;-
2015-7839;2015;07/08/2015 16:18;13;Saint-Victoret;0.0300;Malveillance;-
2015-7841;2015;09/08/2015 00:10;13;Istres;0.0350;Malveillance;-
2015-7842;2015;10/08/2015 05:28;13;Eyguières;0.3000;Naturelle;-
2015-8012;2015;11/08/2015 16:58;13;Lançon-Provence;0.0075;-;-
2015-8014;2015;12/08/2015 05:27;13;Beaurecueil;0.0600;Involontaire (particulier);-
2015-8382;2015;13/08/2015 15:30;13;Istres;0.0030;Accidentelle;-
2015-8381;2015;13/08/2015 17:50;13;Tarascon;0.0050;Naturelle;-
2015-8384;2015;15/08/2015 16:04;13;Fontvieille;0.0200;Naturelle;-
2015-8385;2015;15/08/2015 17:44;13;Gémenos;0.0004;-;-
2015-8386;2015;15/08/2015 20:13;13;Cassis;0.0003;Malveillance;-
2015-8389;2015;16/08/2015 00:06;13;Cabriès;0.0002;-;-
2015-8390;2015;16/08/2015 02:56;13;Istres;1.0000;Malveillance;-
2015-8391;2015;16/08/2015 18:59;13;Lambesc;0.0005;Malveillance;-
2015-8392;2015;17/08/2015 00:20;13;Rousset;0.0100;-;-
2015-8393;2015;17/08/2015 16:28;13;Aubagne;9.2700;Malveillance;-
2015-8395;2015;17/08/2015 19:27;13;Aubagne;0.0200;Malveillance;-
2015-8397;2015;17/08/2015 20:17;13;Graveson;0.3000;Malveillance;-
2015-8398;2015;18/08/2015 03:13;13;Istres;0.5000;-;-
2015-8400;2015;18/08/2015 07:10;13;Puyloubier;0.0150;Malveillance;-
2015-8401;2015;18/08/2015 20:21;13;Istres;0.0400;Malveillance;-
2015-8402;2015;19/08/2015 10:09;13;Châteauneuf-les-Martigues;0.0250;-;-
2015-8403;2015;19/08/2015 13:57;13;Istres;0.0010;Malveillance;-
2015-8404;2015;19/08/2015 16:17;13;Rousset;0.0030;-;-
2015-8405;2015;19/08/2015 17:00;13;Meyreuil;0.3500;Malveillance;-
2015-8406;2015;19/08/2015 20:32;13;Carnoux-en-Provence;0.0002;Malveillance;-
2015-8408;2015;20/08/2015 17:01;13;Mimet;0.0002;-;-
2015-8409;2015;20/08/2015 17:07;13;Aix-en-Provence;0.0400;Malveillance;-
2015-8411;2015;20/08/2015 17:07;13;Aix-en-Provence;0.0160;Malveillance;-
2015-8412;2015;20/08/2015 17:07;13;Aix-en-Provence;0.0020;Malveillance;-
2015-8487;2015;21/08/2015 13:07;13;Cassis;0.0200;Malveillance;-
2015-8485;2015;21/08/2015 14:56;13;Bouc-Bel-Air;0.0840;Involontaire (particulier);-
2015-8488;2015;21/08/2015 16:10;13;Vitrolles;0.0010;-;-
2015-8489;2015;21/08/2015 17:04;13;Auriol;0.0010;Involontaire (particulier);-
2015-8490;2015;21/08/2015 22:22;13;Cornillon-Confoux;0.0100;Involontaire (travaux);-
2015-8491;2015;22/08/2015 01:00;13;Auriol;0.0070;Accidentelle;-
2015-8492;2015;23/08/2015 07:00;13;Meyreuil;0.0020;Naturelle;-
2015-8493;2015;23/08/2015 09:28;13;Gardanne;0.0010;-;-
2015-8494;2015;23/08/2015 09:40;13;Meyreuil;0.0050;Naturelle;-
2015-8495;2015;23/08/2015 16:38;13;Port-de-Bouc;0.0050;Malveillance;-
2015-8499;2015;23/08/2015 16:57;13;Meyrargues;0.0010;Naturelle;-
2015-8500;2015;23/08/2015 18:20;13;Venelles;0.0010;Naturelle;-
2015-8836;2015;25/08/2015 12:56;13;La Penne-sur-Huveaune;0.0500;-;-
2015-8840;2015;25/08/2015 15:49;13;Septèmes-les-Vallons;0.4500;Involontaire (particulier);-
2015-8841;2015;25/08/2015 22:51;13;Carnoux-en-Provence;0.0100;Malveillance;-
2015-8843;2015;29/08/2015 13:53;13;La Bouilladisse;0.0400;-;-
2015-8846;2015;30/08/2015 05:03;13;Cassis;0.0100;-;-
2015-8847;2015;30/08/2015 16:29;13;Port-de-Bouc;0.1000;Malveillance;-
2015-8852;2015;01/09/2015 16:41;13;Fos-sur-Mer;0.0200;Malveillance;-
2015-8849;2015;01/09/2015 16:41;13;Fos-sur-Mer;0.3000;Malveillance;-
2015-8854;2015;01/09/2015 19:16;13;Miramas;0.0005;-;-
2015-9150;2015;02/09/2015 10:57;13;Maussane-les-Alpilles;0.0020;-;-
2015-9155;2015;02/09/2015 17:12;13;Aix-en-Provence;0.8000;Malveillance;-
2015-9162;2015;04/09/2015 20:44;13;Fontvieille;0.0600;-;-
2015-9167;2015;05/09/2015 14:45;13;Miramas;0.0050;-;-
2015-9171;2015;05/09/2015 15:39;13;Aubagne;0.0005;Involontaire (particulier);-
2015-9175;2015;05/09/2015 16:10;13;Grans;0.0500;Involontaire (travaux);-
2015-9185;2015;05/09/2015 21:37;13;Istres;0.0020;-;-
2015-9190;2015;06/09/2015 19:38;13;Fuveau;0.0200;-;-
2015-9197;2015;07/09/2015 23:13;13;Eyragues;0.1500;Malveillance;-
2015-9200;2015;08/09/2015 19:54;13;Miramas;0.0010;Malveillance;-
2015-9203;2015;08/09/2015 19:54;13;Miramas;0.0030;Malveillance;-
2015-9209;2015;08/09/2015 20:40;13;Miramas;0.0010;Malveillance;-
2015-9207;2015;08/09/2015 20:40;13;Miramas;0.0100;Malveillance;-
2015-9210;2015;08/09/2015 20:40;13;Miramas;0.0050;Malveillance;-
2015-9213;2015;08/09/2015 20:40;13;Miramas;0.0030;Malveillance;-
2015-9217;2015;09/09/2015 15:42;13;Aubagne;0.0600;-;-
2015-9220;2015;09/09/2015 17:39;13;Les Pennes-Mirabeau;1.0000;Malveillance;-
2015-9222;2015;09/09/2015 17:56;13;Les Pennes-Mirabeau;0.2000;-;-
2015-9224;2015;09/09/2015 18:01;13;Miramas;0.0100;Malveillance;-
2015-9228;2015;09/09/2015 18:01;13;Miramas;0.0050;Malveillance;-
2015-9668;2015;15/09/2015 07:50;13;Cassis;0.0150;Involontaire (particulier);-
2015-9669;2015;19/09/2015 19:02;13;Châteauneuf-les-Martigues;0.1700;Malveillance;-
2015-9670;2015;19/09/2015 19:58;13;Châteauneuf-les-Martigues;0.5700;Malveillance;-
2015-9671;2015;20/09/2015 03:13;13;Châteauneuf-les-Martigues;0.0500;Malveillance;-
2015-9674;2015;22/09/2015 12:18;13;Ensuès-la-Redonne;0.0170;Involontaire (travaux);-
2015-9672;2015;23/09/2015 03:07;13;Ensuès-la-Redonne;1.1900;Malveillance;-
2015-9673;2015;24/09/2015 00:01;13;Châteauneuf-les-Martigues;0.0700;Malveillance;-
2015-9675;2015;25/09/2015 13:38;13;Auriol;0.0400;Involontaire (particulier);-
2015-9676;2015;26/09/2015 22:36;13;Aix-en-Provence;0.0150;-;-
2015-10261;2015;17/10/2015 15:43;13;La Fare-les-Oliviers;0.1000;-;-
2015-10262;2015;17/10/2015 15:43;13;Sénas;0.0300;-;-
2016-12721;2016;03/02/2016 19:05;13;Ensuès-la-Redonne;0.3000;Malveillance;-
2016-12722;2016;22/02/2016 03:49;13;Martigues;0.0050;Accidentelle;-
2016-12723;2016;19/03/2016 16:37;13;Rognac;0.7000;Involontaire (particulier);-
2016-12711;2016;24/03/2016 07:01;13;Auriol;0.0050;Involontaire (particulier);-
2016-12725;2016;24/03/2016 15:09;13;Saint-Chamas;1.0000;Accidentelle;-
2016-12727;2016;24/03/2016 15:09;13;Saint-Chamas;1.0000;Accidentelle;-
2016-12724;2016;24/03/2016 16:11;13;Saint-Cannat;0.0050;Malveillance;-
2016-5089;2016;31/03/2016 12:28;13;Auriol;2.9400;Involontaire (particulier);-
2016-5087;2016;31/03/2016 16:44;13;Septèmes-les-Vallons;0.0300;Accidentelle;-
2016-5092;2016;04/04/2016 14:35;13;Aix-en-Provence;0.0300;Involontaire (travaux);-
2016-5093;2016;07/04/2016 22:00;13;Les Pennes-Mirabeau;0.1000;-;-
2016-5095;2016;14/04/2016 15:08;13;Châteauneuf-le-Rouge;0.0500;-;-
2016-5094;2016;14/04/2016 16:12;13;Saint-Victoret;0.0300;-;-
2016-5098;2016;17/04/2016 14:00;13;Ventabren;0.0600;Involontaire (particulier);-
2016-5709;2016;20/04/2016 14:14;13;Istres;0.0300;Malveillance;-
2016-5708;2016;20/04/2016 17:12;13;Jouques;0.0150;-;-
2016-5710;2016;23/04/2016 20:40;13;Septèmes-les-Vallons;0.0350;-;-
2016-5723;2016;24/04/2016 07:24;13;Port-de-Bouc;0.0100;Involontaire (particulier);-
2016-5711;2016;24/04/2016 11:33;13;Orgon;0.0500;-;-
2016-5712;2016;24/04/2016 12:27;13;Auriol;0.0100;Accidentelle;-
2016-5713;2016;24/04/2016 14:00;13;Istres;0.0600;Malveillance;-
2016-5717;2016;24/04/2016 16:43;13;Saint-Antonin-sur-Bayon;0.0100;-;-
2016-5718;2016;24/04/2016 16:44;13;Salon-de-Provence;0.0100;Accidentelle;-
2016-5719;2016;24/04/2016 16:48;13;Ceyreste;0.0100;Involontaire (particulier);-
2016-5720;2016;24/04/2016 17:27;13;Saint-Cannat;0.0200;Involontaire (particulier);-
2016-5721;2016;24/04/2016 18:04;13;Trets;0.0150;Involontaire (travaux);-
2016-5722;2016;24/04/2016 21:29;13;Aix-en-Provence;0.0150;Involontaire (particulier);-
2016-5725;2016;25/04/2016 01:17;13;Ensuès-la-Redonne;1.4800;Accidentelle;-
2016-5724;2016;25/04/2016 18:28;13;Istres;0.0600;Malveillance;-
2016-5726;2016;28/04/2016 16:19;13;Vernègues;0.3400;Involontaire (particulier);-
2016-5728;2016;01/05/2016 14:37;13;Velaux;0.0200;-;-
2016-5729;2016;02/05/2016 17:10;13;Châteauneuf-les-Martigues;0.0180;Malveillance;-
2016-5731;2016;03/05/2016 08:16;13;Châteauneuf-les-Martigues;0.0220;Malveillance;-
2016-5730;2016;03/05/2016 10:58;13;Le Rove;0.1900;Malveillance;-
2016-5733;2016;03/05/2016 14:56;13;Châteauneuf-les-Martigues;0.0450;Malveillance;-
2016-5732;2016;03/05/2016 17:53;13;Lançon-Provence;0.0100;Involontaire (travaux);-
2016-5736;2016;05/05/2016 09:59;13;La Fare-les-Oliviers;1.0000;Involontaire (particulier);-
2016-5734;2016;05/05/2016 13:47;13;Istres;2.0000;Malveillance;-
2016-5735;2016;05/05/2016 15:39;13;Saint-Mitre-les-Remparts;0.2400;Malveillance;-
2016-5739;2016;06/05/2016 15:33;13;Saint-Cannat;0.0400;Malveillance;-
2016-5737;2016;06/05/2016 15:56;13;Aureille;0.0350;Involontaire (particulier);-
2016-5740;2016;14/05/2016 16:35;13;La Ciotat;0.7000;-;-
2016-5741;2016;15/05/2016 11:02;13;Martigues;0.2000;-;-
2016-6482;2016;21/05/2016 16:44;13;Velaux;0.0500;-;-
2016-6481;2016;27/05/2016 10:27;13;Allauch;0.0050;-;-
2016-6480;2016;31/05/2016 16:05;13;Istres;0.1500;-;-
2016-6479;2016;03/06/2016 14:49;13;Les Pennes-Mirabeau;0.2000;Accidentelle;-
2016-6472;2016;05/06/2016 17:20;13;Miramas;0.0010;-;-
2016-6473;2016;05/06/2016 18:20;13;Port-de-Bouc;0.0300;-;-
2016-6471;2016;06/06/2016 14:51;13;Septèmes-les-Vallons;0.0200;-;-
2016-6474;2016;07/06/2016 13:34;13;Istres;0.0100;-;-
2016-6475;2016;07/06/2016 15:34;13;Port-de-Bouc;0.0030;-;-
2016-6476;2016;07/06/2016 19:27;13;Saint-Antonin-sur-Bayon;0.0002;-;-
2016-6478;2016;08/06/2016 16:48;13;Port-de-Bouc;0.4000;-;-
2016-6607;2016;09/06/2016 14:29;13;Miramas;0.0050;-;-
2016-6608;2016;09/06/2016 15:23;13;Fuveau;0.0060;Malveillance;-
2016-6609;2016;09/06/2016 15:55;13;Le Rove;0.0002;-;-
2016-6610;2016;09/06/2016 16:42;13;Lambesc;0.0400;-;-
2016-6612;2016;09/06/2016 18:03;13;Istres;0.0100;-;-
2016-6613;2016;09/06/2016 19:10;13;Lançon-Provence;0.0020;Involontaire (particulier);-
2016-6614;2016;09/06/2016 19:34;13;Berre-l'Étang;0.0050;-;-
2016-6615;2016;10/06/2016 14:48;13;Istres;0.0050;Involontaire (particulier);-
2016-6617;2016;11/06/2016 12:01;13;Maussane-les-Alpilles;0.1000;-;-
2016-6619;2016;12/06/2016 00:14;13;Marseille;0.0100;-;-
2016-6627;2016;13/06/2016 13:19;13;La Ciotat;0.0030;-;-
2016-6623;2016;13/06/2016 13:28;13;Cabriès;0.6000;Involontaire (particulier);-
2016-6629;2016;13/06/2016 18:26;13;Fos-sur-Mer;0.1000;-;-
2016-6631;2016;13/06/2016 23:58;13;Le Rove;0.0800;Accidentelle;-
2016-6636;2016;14/06/2016 12:40;13;Aix-en-Provence;122.6300;-;-
2016-6638;2016;14/06/2016 14:18;13;Châteauneuf-les-Martigues;0.0020;Involontaire (travaux);-
2016-6640;2016;14/06/2016 15:05;13;Les Pennes-Mirabeau;0.1000;-;-
2016-6642;2016;14/06/2016 15:20;13;Saint-Cannat;2.4100;Involontaire (particulier);-
2016-6645;2016;14/06/2016 21:41;13;Simiane-Collongue;0.0010;-;-
2016-6647;2016;16/06/2016 18:08;13;Salon-de-Provence;1.0000;Malveillance;-
2016-6884;2016;17/06/2016 16:34;13;Le Rove;0.1500;-;-
2016-6885;2016;17/06/2016 18:58;13;Septèmes-les-Vallons;0.0050;-;-
2016-6886;2016;18/06/2016 09:04;13;Ensuès-la-Redonne;0.0002;Involontaire (particulier);-
2016-6887;2016;18/06/2016 12:06;13;Le Rove;0.0025;-;-
2016-6888;2016;19/06/2016 10:02;13;Cornillon-Confoux;0.0400;Involontaire (particulier);-
2016-6890;2016;19/06/2016 11:30;13;Aix-en-Provence;0.0040;-;-
2016-6891;2016;19/06/2016 14:12;13;Saint-Mitre-les-Remparts;0.0100;-;-
2016-6892;2016;19/06/2016 14:50;13;Les Pennes-Mirabeau;0.0030;-;-
2016-6893;2016;19/06/2016 15:19;13;Salon-de-Provence;0.3000;Malveillance;-
2016-6894;2016;19/06/2016 16:04;13;Salon-de-Provence;0.0500;Malveillance;-
2016-6895;2016;19/06/2016 18:00;13;Saint-Chamas;0.0100;-;-
2016-6896;2016;19/06/2016 19:49;13;Orgon;0.2000;Involontaire (particulier);-
2016-6897;2016;20/06/2016 17:48;13;Les Pennes-Mirabeau;0.5500;Malveillance;-
2016-6898;2016;21/06/2016 03:29;13;Fuveau;0.5000;-;-
2016-6899;2016;21/06/2016 10:48;13;Port-Saint-Louis-du-Rhône;1.0000;-;-
2016-6901;2016;21/06/2016 13:04;13;La Bouilladisse;0.0050;Malveillance;-
2016-6902;2016;21/06/2016 15:01;13;Aix-en-Provence;1.6100;Malveillance;-
2016-6903;2016;21/06/2016 16:11;13;Miramas;0.0100;-;-
2016-6904;2016;21/06/2016 17:50;13;Simiane-Collongue;0.0100;-;-
2016-6905;2016;22/06/2016 02:16;13;Septèmes-les-Vallons;0.0060;-;-
2016-6906;2016;22/06/2016 14:27;13;Puyloubier;0.0020;-;-
2016-6907;2016;22/06/2016 14:28;13;Éguilles;0.0005;Involontaire (particulier);-
2016-6909;2016;22/06/2016 14:36;13;Châteauneuf-le-Rouge;0.0200;-;-
2016-6908;2016;22/06/2016 14:36;13;Châteauneuf-le-Rouge;0.0400;-;-
2016-6912;2016;22/06/2016 18:22;13;La Penne-sur-Huveaune;0.0400;-;-
2016-6910;2016;23/06/2016 05:11;13;La Penne-sur-Huveaune;0.0002;-;-
2016-6913;2016;23/06/2016 10:13;13;Les Pennes-Mirabeau;0.0020;Malveillance;-
2016-6914;2016;23/06/2016 13:04;13;Fos-sur-Mer;0.0200;Malveillance;-
2016-6915;2016;23/06/2016 14:01;13;Septèmes-les-Vallons;0.0002;-;-
2016-6916;2016;23/06/2016 16:00;13;Le Puy-Sainte-Réparade;0.0400;-;-
2016-6917;2016;23/06/2016 16:58;13;Ventabren;0.2000;Involontaire (travaux);-
2016-6918;2016;24/06/2016 11:07;13;Aix-en-Provence;0.0300;-;-
2016-6919;2016;25/06/2016 13:12;13;Charleval;0.0080;-;-
2016-6920;2016;25/06/2016 13:54;13;Istres;0.3000;-;-
2016-6921;2016;25/06/2016 14:30;13;Peypin;0.0200;-;-
2016-6923;2016;25/06/2016 16:30;13;Les Pennes-Mirabeau;0.5000;-;-
2016-6924;2016;25/06/2016 18:40;13;Ventabren;0.2000;-;-
2016-6925;2016;25/06/2016 18:42;13;Peynier;0.0200;-;-
2016-6926;2016;26/06/2016 15:13;13;Les Pennes-Mirabeau;2.0000;Malveillance;-
2016-6927;2016;26/06/2016 18:45;13;Aix-en-Provence;0.0010;-;-
2016-6928;2016;26/06/2016 22:21;13;Port-de-Bouc;0.0020;-;-
2016-6929;2016;27/06/2016 00:29;13;Auriol;0.0020;-;-
2016-6930;2016;27/06/2016 01:53;13;Bouc-Bel-Air;0.3000;Accidentelle;-
2016-6931;2016;27/06/2016 02:11;13;Graveson;0.1000;Malveillance;-
2016-6932;2016;27/06/2016 14:18;13;Istres;0.0100;-;-
2016-6935;2016;27/06/2016 14:35;13;Peypin;0.0200;Involontaire (particulier);-
2016-6936;2016;27/06/2016 14:53;13;Istres;0.0030;-;-
2016-6937;2016;27/06/2016 15:16;13;Lambesc;0.0020;Malveillance;-
2016-6938;2016;27/06/2016 18:05;13;Plan-de-Cuques;0.4000;Malveillance;-
2016-6939;2016;27/06/2016 18:34;13;Meyrargues;0.0300;-;-
2016-6940;2016;28/06/2016 06:33;13;Grans;0.0100;-;-
2016-6960;2016;28/06/2016 12:53;13;Sénas;0.0150;-;-
2016-6961;2016;28/06/2016 14:19;13;Roquevaire;0.3900;-;-
2016-6962;2016;28/06/2016 15:07;13;Istres;0.0040;-;-
2016-6963;2016;28/06/2016 15:17;13;Septèmes-les-Vallons;0.0050;-;-
2016-6964;2016;28/06/2016 17:19;13;Vitrolles;0.0003;Malveillance;-
2016-6965;2016;29/06/2016 14:45;13;Aix-en-Provence;0.0200;-;-
2016-6966;2016;29/06/2016 16:34;13;Éguilles;0.5000;-;-
2016-6969;2016;29/06/2016 20:00;13;Istres;0.0010;-;-
2016-6970;2016;29/06/2016 20:03;13;Aix-en-Provence;0.2000;-;-
2016-6971;2016;29/06/2016 22:39;13;Aix-en-Provence;0.7000;-;-
2016-7086;2016;30/06/2016 15:21;13;Salon-de-Provence;0.0500;Accidentelle;-
2016-7087;2016;01/07/2016 16:25;13;Velaux;0.0200;Involontaire (particulier);-
2016-7090;2016;02/07/2016 15:18;13;La Ciotat;0.0500;-;-
2016-7092;2016;03/07/2016 13:43;13;Istres;0.0030;Involontaire (particulier);-
2016-7093;2016;03/07/2016 14:49;13;Port-de-Bouc;0.2000;-;-
2016-7094;2016;03/07/2016 19:40;13;La Fare-les-Oliviers;0.3500;-;-
2016-7097;2016;03/07/2016 20:27;13;Cadolive;0.0100;-;-
2016-7113;2016;04/07/2016 16:04;13;Fontvieille;0.0250;-;-
2016-7114;2016;05/07/2016 04:44;13;Istres;0.0002;-;-
2016-7142;2016;05/07/2016 11:48;13;Châteauneuf-les-Martigues;0.0080;-;-
2016-7145;2016;05/07/2016 19:28;13;Septèmes-les-Vallons;0.0005;Malveillance;-
2016-7144;2016;05/07/2016 19:28;13;Septèmes-les-Vallons;0.0100;Malveillance;-
2016-7146;2016;05/07/2016 19:38;13;Martigues;0.4000;-;-
2016-7147;2016;05/07/2016 23:27;13;Martigues;0.0100;-;-
2016-7148;2016;06/07/2016 01:55;13;Cabriès;0.1000;-;-
2016-7149;2016;06/07/2016 05:14;13;La Bouilladisse;0.0200;Involontaire (particulier);-
2016-7278;2016;06/07/2016 10:40;13;Fuveau;0.0004;-;-
2016-7279;2016;06/07/2016 10:45;13;Aix-en-Provence;0.4000;Involontaire (travaux);-
2016-7280;2016;06/07/2016 12:11;13;Istres;0.0004;-;-
2016-7281;2016;06/07/2016 13:09;13;Cabriès;4.0000;-;-
2016-7282;2016;06/07/2016 16:18;13;Gignac-la-Nerthe;0.0500;-;-
2016-7283;2016;06/07/2016 17:07;13;Les Pennes-Mirabeau;0.0050;-;-
2016-7284;2016;06/07/2016 17:09;13;Cassis;0.0200;-;-
2016-7285;2016;06/07/2016 17:14;13;Plan-d'Orgon;0.0500;-;-
2016-7286;2016;06/07/2016 18:10;13;Martigues;0.4000;-;-
2016-7288;2016;06/07/2016 18:28;13;Istres;0.0002;-;-
2016-7289;2016;06/07/2016 19:04;13;Marignane;0.2000;-;-
2016-7290;2016;06/07/2016 19:16;13;Miramas;0.0400;-;-
2016-7291;2016;06/07/2016 20:15;13;Martigues;0.0050;-;-
2016-7292;2016;06/07/2016 23:27;13;Cabriès;0.0200;Malveillance;-
2016-7293;2016;07/07/2016 00:09;13;Martigues;0.0600;Malveillance;-
2016-7365;2016;07/07/2016 15:08;13;Port-de-Bouc;0.0200;-;-
2016-7366;2016;07/07/2016 16:50;13;Port-de-Bouc;0.2500;Malveillance;-
2016-7367;2016;07/07/2016 17:29;13;Jouques;0.0100;Involontaire (particulier);-
2016-7368;2016;07/07/2016 17:41;13;Miramas;0.2000;-;-
2016-7369;2016;08/07/2016 01:01;13;Saint-Mitre-les-Remparts;0.0400;Malveillance;-
2016-7370;2016;08/07/2016 04:29;13;Port-de-Bouc;0.3000;Malveillance;-
2016-8154;2016;08/07/2016 09:15;13;Marseille;4.2000;Malveillance;-
2016-7483;2016;08/07/2016 15:49;13;Cabriès;0.0150;-;-
2016-7488;2016;08/07/2016 16:16;13;Salon-de-Provence;0.0150;-;-
2016-7490;2016;08/07/2016 18:28;13;La Ciotat;0.0010;-;-
2016-7494;2016;09/07/2016 01:47;13;Martigues;0.0500;-;-
2016-7495;2016;09/07/2016 14:50;13;Port-de-Bouc;0.0600;Malveillance;-
2016-7497;2016;09/07/2016 19:58;13;Saint-Mitre-les-Remparts;0.0100;-;-
2016-7498;2016;10/07/2016 01:30;13;Septèmes-les-Vallons;0.0050;-;-
2016-7499;2016;10/07/2016 03:32;13;Grans;0.0030;Accidentelle;-
2016-7500;2016;10/07/2016 18:01;13;Aix-en-Provence;0.0300;Involontaire (travaux);-
2016-7501;2016;10/07/2016 22:08;13;Sausset-les-Pins;0.1200;-;-
2016-7502;2016;11/07/2016 02:50;13;Salon-de-Provence;0.0500;-;-
2016-7524;2016;11/07/2016 14:23;13;Rousset;0.0050;Involontaire (travaux);-
2016-7525;2016;11/07/2016 15:03;13;Martigues;0.0100;Malveillance;-
2016-7526;2016;11/07/2016 16:25;13;Martigues;0.0150;-;-
2016-7527;2016;11/07/2016 19:42;13;Martigues;0.0100;-;-
2016-7528;2016;12/07/2016 10:03;13;Vauvenargues;0.0100;Naturelle;-
2016-7530;2016;12/07/2016 17:33;13;Cabriès;0.0500;Involontaire (particulier);-
2016-7914;2016;13/07/2016 12:42;13;Le Rove;0.0060;-;-
2016-7915;2016;13/07/2016 17:07;13;Port-de-Bouc;0.0050;Malveillance;-
2016-7916;2016;13/07/2016 17:07;13;Port-de-Bouc;0.0050;Malveillance;-
2016-7917;2016;13/07/2016 17:07;13;Port-de-Bouc;0.0050;Malveillance;-
2016-7911;2016;13/07/2016 17:25;13;Aix-en-Provence;0.0600;-;-
2016-7910;2016;13/07/2016 21:16;13;Saint-Victoret;0.5000;Malveillance;-
2016-7909;2016;13/07/2016 21:16;13;Saint-Victoret;0.5000;Malveillance;-
2016-7908;2016;13/07/2016 21:16;13;Saint-Victoret;0.5000;Malveillance;-
2016-7906;2016;13/07/2016 21:43;13;Châteauneuf-les-Martigues;100.0000;Malveillance;-
2016-7918;2016;13/07/2016 22:14;13;Septèmes-les-Vallons;0.0030;-;-
2016-7913;2016;13/07/2016 23:12;13;Rognac;0.0200;-;-
2016-7907;2016;13/07/2016 23:37;13;Aix-en-Provence;2.0000;-;-
2016-7926;2016;14/07/2016 01:29;13;Saint-Savournin;0.0500;Malveillance;-
2016-7919;2016;14/07/2016 03:04;13;Plan-d'Orgon;0.4000;-;-
2016-7931;2016;14/07/2016 05:22;13;Saint-Mitre-les-Remparts;0.0030;-;-
2016-7921;2016;14/07/2016 10:14;13;Aix-en-Provence;0.1000;Involontaire (particulier);-
2016-7932;2016;14/07/2016 14:44;13;Saint-Victoret;0.0010;-;-
2016-7922;2016;14/07/2016 17:35;13;Ventabren;0.1000;Involontaire (travaux);-
2016-7927;2016;14/07/2016 18:50;13;Meyrargues;0.0500;Involontaire (particulier);-
2016-7933;2016;14/07/2016 19:27;13;Port-de-Bouc;0.0010;Malveillance;-
2016-7928;2016;14/07/2016 19:54;13;Martigues;0.0300;-;-
2016-7929;2016;14/07/2016 22:07;13;Septèmes-les-Vallons;0.0200;Malveillance;-
2016-7930;2016;14/07/2016 22:59;13;Septèmes-les-Vallons;0.0150;-;-
2016-7920;2016;14/07/2016 23:16;13;Septèmes-les-Vallons;0.2000;-;-
2016-8164;2016;14/07/2016 23:34;13;Marseille;1.0000;-;-
2016-7951;2016;15/07/2016 00:28;13;Lançon-Provence;0.0020;-;-
2016-7938;2016;15/07/2016 00:29;13;Lançon-Provence;0.5000;Malveillance;-
2016-7945;2016;15/07/2016 01:22;13;Septèmes-les-Vallons;0.0200;Involontaire (particulier);-
2016-7946;2016;15/07/2016 02:56;13;Septèmes-les-Vallons;0.0050;-;-
2016-7937;2016;15/07/2016 11:01;13;Lançon-Provence;4.0600;Involontaire (particulier);-
2016-7942;2016;15/07/2016 13:22;13;Graveson;0.0500;-;-
2016-7941;2016;15/07/2016 14:14;13;Berre-l'Étang;0.1000;Involontaire (particulier);-
2016-7952;2016;15/07/2016 14:19;13;Port-de-Bouc;0.0010;-;-
2016-7950;2016;15/07/2016 15:10;13;Les Pennes-Mirabeau;0.0030;-;-
2016-7934;2016;15/07/2016 15:15;13;Ensuès-la-Redonne;400.0000;-;-
2016-7939;2016;15/07/2016 15:44;13;Septèmes-les-Vallons;0.1500;-;-
2016-7940;2016;15/07/2016 15:44;13;Septèmes-les-Vallons;0.1500;-;-
2016-7943;2016;15/07/2016 19:11;13;Martigues;0.0500;-;-
2016-7935;2016;15/07/2016 19:40;13;Martigues;46.0000;Malveillance;-
2016-7949;2016;15/07/2016 19:57;13;Aubagne;0.0040;-;-
2016-7944;2016;15/07/2016 19:57;13;Gardanne;0.0300;-;-
2016-8171;2016;15/07/2016 21:59;13;Marseille;0.0600;Malveillance;-
2016-7948;2016;15/07/2016 22:41;13;Martigues;0.0050;Malveillance;-
2016-7954;2016;16/07/2016 00:59;13;Belcodène;0.0010;Malveillance;-
2016-7953;2016;16/07/2016 12:21;13;Vauvenargues;0.0030;-;-
2016-7955;2016;16/07/2016 18:01;13;Rognac;0.0005;Malveillance;-
2016-7960;2016;17/07/2016 03:10;13;Aubagne;0.0005;-;-
2016-7959;2016;17/07/2016 10:21;13;Boulbon;0.0100;-;-
2016-7957;2016;17/07/2016 15:12;13;Aubagne;0.0300;Malveillance;-
2016-7956;2016;17/07/2016 15:24;13;Martigues;0.5000;-;-
2016-7974;2016;17/07/2016 18:17;13;Martigues;0.2000;Involontaire (travaux);-
2016-7962;2016;18/07/2016 16:12;13;Rognac;0.1000;-;-
2016-7961;2016;18/07/2016 16:17;13;Aix-en-Provence;0.2000;-;-
2016-7963;2016;18/07/2016 16:42;13;Ceyreste;0.0030;-;-
2016-7964;2016;18/07/2016 19:48;13;Venelles;0.0005;-;-
2016-7971;2016;19/07/2016 08:26;13;Les Pennes-Mirabeau;0.0300;-;-
2016-7973;2016;19/07/2016 09:59;13;Vitrolles;0.0005;-;-
2016-7966;2016;19/07/2016 12:34;13;Martigues;0.6000;-;-
2016-7965;2016;19/07/2016 14:04;13;Cuges-les-Pins;2.7000;Involontaire (particulier);-
2016-7970;2016;19/07/2016 14:27;13;Eyragues;0.0500;Malveillance;-
2016-7967;2016;19/07/2016 16:24;13;Port-de-Bouc;0.2000;Involontaire (travaux);-
2016-7968;2016;19/07/2016 18:47;13;Châteauneuf-les-Martigues;0.1000;Malveillance;-
2016-7972;2016;19/07/2016 22:55;13;Martigues;0.0200;Malveillance;-
2016-7984;2016;20/07/2016 11:05;13;Salon-de-Provence;0.0100;-;-
2016-7985;2016;20/07/2016 12:55;13;Châteauneuf-les-Martigues;0.0500;Involontaire (particulier);-
2016-7986;2016;20/07/2016 13:47;13;Miramas;1.5000;Involontaire (travaux);-
2016-7987;2016;20/07/2016 13:48;13;Vitrolles;0.0020;-;-
2016-7988;2016;20/07/2016 17:23;13;Auriol;0.0100;Involontaire (travaux);-
2016-7989;2016;21/07/2016 00:49;13;Miramas;0.0300;Involontaire (particulier);-
2016-7990;2016;21/07/2016 00:49;13;Miramas;0.0050;-;-
2016-7992;2016;21/07/2016 05:27;13;Aubagne;0.0020;-;-
2016-7994;2016;21/07/2016 06:30;13;Istres;0.0002;-;-
2016-8385;2016;21/07/2016 14:11;13;Salon-de-Provence;0.2000;-;-
2016-8386;2016;21/07/2016 14:42;13;Miramas;0.0050;Malveillance;-
2016-8388;2016;22/07/2016 06:25;13;Le Puy-Sainte-Réparade;0.0100;-;-
2016-8389;2016;22/07/2016 20:30;13;Ensuès-la-Redonne;0.0010;-;-
2016-8390;2016;23/07/2016 17:01;13;Gémenos;0.0010;Naturelle;-
2016-8391;2016;23/07/2016 21:20;13;Saint-Rémy-de-Provence;0.0010;Malveillance;-
2016-8392;2016;23/07/2016 21:34;13;Miramas;0.0015;-;-
2016-8393;2016;24/07/2016 19:48;13;Vitrolles;0.0400;-;-
2016-8394;2016;25/07/2016 00:36;13;Ensuès-la-Redonne;0.0020;-;-
2016-8395;2016;26/07/2016 01:02;13;Port-de-Bouc;0.5000;Malveillance;-
2016-8396;2016;26/07/2016 17:29;13;Vernègues;0.0100;Involontaire (particulier);-
2016-10969;2016;27/07/2016 01:01;13;Marseille;0.2000;Malveillance;-
2016-8397;2016;27/07/2016 17:00;13;Aix-en-Provence;0.5200;Involontaire (particulier);-
2016-8399;2016;27/07/2016 23:37;13;Aix-en-Provence;0.2500;Accidentelle;-
2016-8400;2016;28/07/2016 00:01;13;Port-de-Bouc;0.0200;Malveillance;-
2016-9690;2016;28/07/2016 14:35;13;Jouques;0.0050;Malveillance;-
2016-10968;2016;28/07/2016 18:07;13;Marseille;0.0550;Malveillance;-
2016-9691;2016;28/07/2016 21:19;13;Aix-en-Provence;0.0400;Malveillance;-
2016-9693;2016;28/07/2016 23:51;13;Gardanne;0.0030;-;-
2016-9694;2016;29/07/2016 01:16;13;Orgon;0.0500;Malveillance;-
2016-9695;2016;30/07/2016 15:05;13;Fontvieille;0.3500;Involontaire (particulier);-
2016-9697;2016;01/08/2016 04:38;13;Fuveau;0.0800;Accidentelle;-
2016-9701;2016;01/08/2016 15:15;13;Simiane-Collongue;0.1100;Involontaire (particulier);-
2016-9702;2016;01/08/2016 15:20;13;Aix-en-Provence;41.4600;Malveillance;-
2016-9786;2016;01/08/2016 19:25;13;Martigues;5.7600;Malveillance;-
2016-9787;2016;02/08/2016 19:10;13;Saint-Mitre-les-Remparts;0.3000;Malveillance;-
2016-9788;2016;03/08/2016 00:47;13;Gardanne;0.0050;Accidentelle;-
2016-9789;2016;03/08/2016 05:42;13;Martigues;0.0050;Accidentelle;-
2016-9790;2016;05/08/2016 09:54;13;Velaux;0.0500;-;-
2016-9793;2016;05/08/2016 11:56;13;Les Pennes-Mirabeau;0.0400;-;-
2016-9794;2016;05/08/2016 17:39;13;Miramas;0.0005;-;-
2016-9795;2016;05/08/2016 18:49;13;Saint-Marc-Jaumegarde;0.0100;-;-
2016-9796;2016;05/08/2016 19:16;13;Les Pennes-Mirabeau;0.0010;Malveillance;-
2016-9797;2016;05/08/2016 21:46;13;Martigues;0.0300;-;-
2016-9798;2016;06/08/2016 04:03;13;Ceyreste;0.0125;Malveillance;-
2016-9799;2016;06/08/2016 12:33;13;Gignac-la-Nerthe;0.0050;-;-
2016-9800;2016;06/08/2016 15:58;13;Coudoux;5.0900;Involontaire (particulier);-
2016-9805;2016;06/08/2016 22:44;13;Saint-Martin-de-Crau;16.6400;Malveillance;-
2016-9801;2016;06/08/2016 23:49;13;Aix-en-Provence;0.0300;-;-
2016-9802;2016;07/08/2016 15:50;13;Martigues;0.0150;-;-
2016-9804;2016;07/08/2016 19:10;13;Gardanne;0.0003;-;-
2016-9806;2016;08/08/2016 11:52;13;Port-de-Bouc;0.0100;-;-
2016-9807;2016;08/08/2016 16:11;13;Martigues;0.5000;-;-
2016-9808;2016;08/08/2016 22:50;13;Aix-en-Provence;0.0010;Accidentelle;-
2016-9816;2016;09/08/2016 20:28;13;Martigues;0.0055;Malveillance;-
2016-9817;2016;10/08/2016 11:29;13;Martigues;3.0000;Accidentelle;-
2016-9818;2016;10/08/2016 11:56;13;Fos-sur-Mer;711.0000;Accidentelle;-
2016-9820;2016;10/08/2016 15:05;13;Jouques;0.5000;Accidentelle;-
2016-9821;2016;10/08/2016 15:09;13;Rognac;2,663.0000;Involontaire (particulier);-
2016-9822;2016;10/08/2016 17:58;13;Istres;29.3300;-;-
2016-9823;2016;10/08/2016 18:32;13;Lambesc;0.0250;-;-
2016-9825;2016;10/08/2016 18:45;13;Coudoux;4.0000;-;-
2016-9826;2016;10/08/2016 23:27;13;Martigues;0.1000;-;-
2016-9827;2016;11/08/2016 13:00;13;Istres;0.0002;-;-
2016-9828;2016;12/08/2016 14:48;13;Istres;0.1000;-;-
2016-9829;2016;12/08/2016 14:59;13;Aubagne;0.0004;Involontaire (particulier);-
2016-9830;2016;13/08/2016 12:47;13;Cassis;0.0100;Involontaire (particulier);-
2016-9831;2016;13/08/2016 16:00;13;Châteaurenard;0.0150;-;-
2016-9832;2016;13/08/2016 18:23;13;Lambesc;0.0010;-;-
2016-9833;2016;14/08/2016 14:42;13;Bouc-Bel-Air;0.0400;Malveillance;-
2016-9834;2016;14/08/2016 18:12;13;Istres;0.0700;-;-
2016-9836;2016;15/08/2016 00:37;13;Cabriès;0.0020;-;-
2016-9837;2016;15/08/2016 00:44;13;Jouques;0.0003;-;-
2016-9838;2016;16/08/2016 10:47;13;Saint-Mitre-les-Remparts;0.1000;-;-
2016-9839;2016;16/08/2016 19:58;13;Istres;0.0400;Malveillance;-
2016-9840;2016;17/08/2016 08:07;13;Velaux;0.0010;-;-
2016-9841;2016;17/08/2016 13:16;13;Jouques;0.3000;-;-
2016-9842;2016;17/08/2016 14:18;13;Aix-en-Provence;0.0020;Involontaire (travaux);-
2016-9843;2016;19/08/2016 13:41;13;Eyguières;0.0050;-;-
2016-11857;2016;19/08/2016 18:40;13;Septèmes-les-Vallons;0.1200;Malveillance;-
2016-9844;2016;19/08/2016 18:57;13;Trets;0.0020;-;-
2016-9845;2016;20/08/2016 12:57;13;Le Rove;0.0050;-;-
2016-9847;2016;21/08/2016 02:33;13;Miramas;0.0500;Accidentelle;-
2016-9848;2016;21/08/2016 15:33;13;Martigues;3.0000;-;-
2016-9849;2016;21/08/2016 15:56;13;Le Rove;0.0010;-;-
2016-9850;2016;21/08/2016 16:17;13;Istres;2.0000;Malveillance;-
2016-9851;2016;21/08/2016 20:40;13;Aix-en-Provence;0.0020;-;-
2016-9852;2016;22/08/2016 09:13;13;Eygalières;0.0200;Accidentelle;-
2016-9853;2016;22/08/2016 11:00;13;Ventabren;1.0000;-;-
2016-9855;2016;22/08/2016 11:46;13;Salon-de-Provence;0.0030;-;-
2016-9854;2016;22/08/2016 11:48;13;Grans;0.0030;Involontaire (particulier);-
2016-9856;2016;22/08/2016 15:24;13;Martigues;0.5000;-;-
2016-9858;2016;22/08/2016 23:13;13;Rognac;0.3000;Malveillance;-
2016-9859;2016;23/08/2016 00:04;13;Istres;0.0120;Malveillance;-
2016-9860;2016;23/08/2016 16:45;13;Salon-de-Provence;0.0004;Malveillance;-
2016-9861;2016;24/08/2016 02:07;13;Martigues;0.2000;Accidentelle;-
2016-9862;2016;24/08/2016 11:38;13;Aix-en-Provence;0.0035;Malveillance;-
2016-9863;2016;24/08/2016 12:46;13;Aix-en-Provence;0.0050;Involontaire (travaux);-
2016-9864;2016;24/08/2016 13:31;13;Cabriès;0.0003;-;-
2016-9865;2016;25/08/2016 13:51;13;Port-de-Bouc;0.3000;Involontaire (particulier);-
2016-9866;2016;25/08/2016 15:20;13;Alleins;5.0000;-;-
2016-11855;2016;27/08/2016 02:31;13;Port-de-Bouc;0.0600;Malveillance;-
2016-11856;2016;28/08/2016 10:51;13;Martigues;1.0000;Malveillance;-
2016-11863;2016;28/08/2016 14:54;13;Mouriès;1.2800;-;-
2016-11858;2016;29/08/2016 19:35;13;Eygalières;0.0200;Malveillance;-
2016-11861;2016;29/08/2016 22:05;13;La Fare-les-Oliviers;0.5000;Involontaire (particulier);-
2016-11862;2016;29/08/2016 23:07;13;Martigues;0.1000;Malveillance;-
2016-11859;2016;29/08/2016 23:30;13;Allauch;0.1500;Naturelle;-
2016-11864;2016;30/08/2016 13:00;13;Aix-en-Provence;0.0100;Involontaire (travaux);-
2016-11865;2016;31/08/2016 17:27;13;Saint-Mitre-les-Remparts;0.1000;Malveillance;-
2016-11866;2016;05/09/2016 08:23;13;Aix-en-Provence;0.0100;-;-
2016-11122;2016;05/09/2016 17:21;13;Marseille;303.0000;Malveillance;-
2016-11867;2016;05/09/2016 18:56;13;Istres;0.5000;Malveillance;-
2016-11868;2016;05/09/2016 20:36;13;Istres;1.5000;Malveillance;-
2016-11869;2016;05/09/2016 21:28;13;Aubagne;0.0300;Malveillance;-
2016-11870;2016;06/09/2016 05:49;13;Rousset;0.0050;Malveillance;-
2016-10654;2016;06/09/2016 11:58;13;Marseille;0.1900;Malveillance;-
2016-11872;2016;06/09/2016 13:16;13;Belcodène;0.0100;Involontaire (particulier);-
2016-11873;2016;08/09/2016 09:25;13;Saint-Mitre-les-Remparts;0.0600;Malveillance;-
2016-11874;2016;09/09/2016 16:48;13;Martigues;0.5000;Malveillance;-
2016-11875;2016;11/09/2016 15:35;13;Aix-en-Provence;0.2500;Involontaire (particulier);-
2016-11876;2016;13/09/2016 00:00;13;Martigues;0.0500;Malveillance;-
2016-10655;2016;13/09/2016 20:02;13;Marseille;0.1000;Malveillance;-
2016-11877;2016;17/09/2016 17:18;13;Martigues;0.0100;Malveillance;-
2016-11879;2016;25/09/2016 19:05;13;Cabriès;0.3000;Malveillance;-
2016-11878;2016;09/10/2016 18:16;13;Septèmes-les-Vallons;0.2500;Involontaire (particulier);-
2017-6598;2017;07/01/2017 11:17;13;Fontvieille;1.0000;-;-
2017-9363;2017;07/01/2017 13:20;13;Lançon-Provence;1.5000;Accidentelle;-
2017-11171;2017;20/02/2017 15:17;13;Istres;0.1000;Malveillance;-
2017-11210;2017;20/02/2017 16:00;13;Vernègues;0.0100;-;-
2017-11199;2017;22/02/2017 16:54;13;La Bouilladisse;0.0120;-;-
2017-11191;2017;25/02/2017 11:54;13;La Bouilladisse;0.5000;Involontaire (travaux);-
2017-15844;2017;06/03/2017 00:05;13;Charleval;0.0020;Accidentelle;-
2017-6599;2017;07/03/2017 15:07;13;Istres;1.2000;Malveillance;-
2017-15267;2017;18/03/2017 15:35;13;Aix-en-Provence;0.5000;Involontaire (travaux);-
2017-8080;2017;16/04/2017 20:26;13;Gémenos;0.0200;-;-
2017-8119;2017;18/04/2017 12:09;13;Miramas;0.0300;Accidentelle;-
2017-8078;2017;18/04/2017 19:00;13;Martigues;0.1000;Malveillance;-
2017-8122;2017;18/04/2017 20:33;13;Saint-Rémy-de-Provence;0.0045;Accidentelle;-
2017-8126;2017;20/04/2017 14:24;13;Rousset;0.0300;-;-
2017-8081;2017;21/04/2017 11:18;13;Gémenos;0.0050;-;-
2017-8098;2017;21/04/2017 14:43;13;Maussane-les-Alpilles;0.1000;Involontaire (travaux);-
2017-8463;2017;15/05/2017 16:00;13;Miramas;1.7000;Accidentelle;-
2017-8488;2017;17/05/2017 16:48;13;Istres;0.1500;Malveillance;-
2017-8489;2017;17/05/2017 16:55;13;Istres;0.0030;Malveillance;-
2017-8487;2017;17/05/2017 17:43;13;Miramas;0.1000;Malveillance;-
2017-8571;2017;21/05/2017 14:00;13;Istres;0.1000;Involontaire (travaux);-
2017-8572;2017;22/05/2017 14:08;13;Rousset;0.2400;Involontaire (travaux);-
2017-8664;2017;25/05/2017 14:42;13;Istres;0.0790;Malveillance;-
2017-8662;2017;25/05/2017 14:42;13;Istres;0.2300;Malveillance;-
2017-8666;2017;25/05/2017 14:42;13;Istres;0.0010;Malveillance;-
2017-8665;2017;25/05/2017 14:42;13;Istres;0.1000;Malveillance;-
2017-8656;2017;25/05/2017 21:31;13;Miramas;0.0090;-;-
2017-8659;2017;29/05/2017 11:40;13;Martigues;0.2000;Accidentelle;-
2017-8749;2017;02/06/2017 15:57;13;Cassis;0.2000;Involontaire (particulier);-
2017-8750;2017;02/06/2017 16:58;13;Meyrargues;0.8000;Naturelle;-
2017-8880;2017;06/06/2017 19:32;13;Fos-sur-Mer;5.3000;Malveillance;-
2017-8881;2017;06/06/2017 19:32;13;Fos-sur-Mer;0.5000;Malveillance;-
2017-6604;2017;13/06/2017 15:14;13;Istres;0.0010;Malveillance;-
2017-6605;2017;13/06/2017 15:14;13;Istres;1.5650;Malveillance;-
2017-6603;2017;13/06/2017 15:14;13;Istres;0.0010;Malveillance;-
2017-6600;2017;13/06/2017 15:14;13;Istres;0.1640;Malveillance;-
2017-9933;2017;13/06/2017 16:26;13;Marseille;0.2500;Malveillance;-
2017-6606;2017;13/06/2017 17:30;13;Istres;0.0900;Malveillance;-
2017-9074;2017;14/06/2017 13:00;13;Gémenos;0.0020;-;-
2017-6607;2017;14/06/2017 17:30;13;Ensuès-la-Redonne;0.0050;Malveillance;-
2017-6610;2017;14/06/2017 17:45;13;Venelles;0.0900;Accidentelle;-
2017-6608;2017;14/06/2017 21:57;13;Fuveau;0.2000;Malveillance;-
2017-6609;2017;14/06/2017 23:11;13;Fuveau;0.0060;Malveillance;-
2017-9064;2017;16/06/2017 11:13;13;Septèmes-les-Vallons;0.4000;-;-
2017-9060;2017;16/06/2017 14:47;13;Ensuès-la-Redonne;0.0300;-;-
2017-6611;2017;16/06/2017 15:00;13;Lançon-Provence;0.4700;Involontaire (particulier);-
2017-9065;2017;16/06/2017 15:55;13;Saint-Chamas;1.6400;Accidentelle;-
2017-9063;2017;16/06/2017 17:23;13;Lançon-Provence;2.7200;Involontaire (particulier);-
2017-9069;2017;16/06/2017 20:28;13;Martigues;4.1400;Malveillance;-
2017-6612;2017;16/06/2017 23:58;13;Martigues;0.0100;Malveillance;-
2017-9073;2017;16/06/2017 23:58;13;Martigues;0.0020;Malveillance;-
2017-9934;2017;19/06/2017 14:55;13;Marseille;0.5000;Malveillance;-
2017-9140;2017;19/06/2017 16:20;13;Istres;2.6200;Malveillance;-
2017-9142;2017;20/06/2017 15:53;13;Paradou;0.5800;-;-
2017-9141;2017;21/06/2017 17:51;13;Martigues;0.1500;-;-
2017-9510;2017;22/06/2017 04:34;13;Martigues;0.0010;-;-
2017-9508;2017;23/06/2017 18:10;13;Martigues;0.0200;-;-
2017-6615;2017;24/06/2017 15:53;13;Fos-sur-Mer;0.0010;Malveillance;-
2017-9507;2017;24/06/2017 15:53;13;Fos-sur-Mer;18.4270;Malveillance;-
2017-6614;2017;24/06/2017 15:53;13;Fos-sur-Mer;0.0010;Malveillance;-
2017-6616;2017;24/06/2017 15:53;13;Fos-sur-Mer;0.0010;Malveillance;-
2017-9512;2017;27/06/2017 18:23;13;Istres;0.0010;Malveillance;-
2017-9511;2017;28/06/2017 00:07;13;Auriol;0.0300;Malveillance;-
2017-9579;2017;29/06/2017 16:04;13;Aubagne;0.5000;Malveillance;-
2017-9583;2017;30/06/2017 11:03;13;Martigues;4.7500;-;-
2017-10061;2017;30/06/2017 13:45;13;Roquevaire;0.2000;Involontaire (particulier);-
2017-9582;2017;30/06/2017 16:13;13;Saint-Mitre-les-Remparts;14.3400;Malveillance;-
2017-9581;2017;02/07/2017 17:03;13;Roquefort-la-Bédoule;0.0600;Involontaire (particulier);-
2017-10063;2017;04/07/2017 16:52;13;Istres;0.3000;Malveillance;-
2017-10064;2017;04/07/2017 16:52;13;Istres;0.0400;Malveillance;-
2017-6625;2017;04/07/2017 18:43;13;Lançon-Provence;0.7900;Involontaire (particulier);-
2017-10062;2017;05/07/2017 19:11;13;Saint-Paul-lès-Durance;3.0000;Involontaire (travaux);-
2017-10102;2017;06/07/2017 16:12;13;Le Rove;0.2000;Accidentelle;-
2017-10101;2017;06/07/2017 20:09;13;Martigues;0.0010;-;-
2017-10200;2017;07/07/2017 19:02;13;Salon-de-Provence;0.0200;Involontaire (particulier);-
2017-6617;2017;08/07/2017 10:35;13;Mimet;0.0160;Accidentelle;-
2017-6626;2017;08/07/2017 13:09;13;Istres;0.0100;Malveillance;-
2017-10315;2017;10/07/2017 13:00;13;Martigues;0.2000;Accidentelle;-
2017-6627;2017;10/07/2017 14:25;13;Sausset-les-Pins;0.0500;-;-
2017-10319;2017;10/07/2017 15:02;13;Fuveau;0.0200;-;-
2017-10501;2017;11/07/2017 11:00;13;Istres;0.0230;Malveillance;-
2017-11381;2017;11/07/2017 13:05;13;Marseille;0.0100;-;-
2017-11095;2017;11/07/2017 16:59;13;Simiane-Collongue;0.0040;Accidentelle;-
2017-6628;2017;13/07/2017 21:47;13;Simiane-Collongue;0.0002;Involontaire (particulier);-
2017-11378;2017;13/07/2017 23:30;13;Marseille;0.0020;Accidentelle;-
2017-11092;2017;14/07/2017 18:33;13;Istres;2.3000;Malveillance;-
2017-11094;2017;14/07/2017 19:00;13;Istres;3.9400;Malveillance;-
2017-11093;2017;14/07/2017 19:40;13;Istres;0.0040;Malveillance;-
2017-11376;2017;14/07/2017 22:55;13;Marseille;0.6000;Malveillance;-
2017-11060;2017;14/07/2017 23:11;13;Fuveau;0.2000;Accidentelle;-
2017-11061;2017;14/07/2017 23:53;13;Fuveau;0.0200;Malveillance;-
2017-11372;2017;14/07/2017 23:57;13;Marseille;2.0000;Malveillance;-
2017-6629;2017;15/07/2017 03:42;13;Gréasque;0.0140;Malveillance;-
2017-11388;2017;15/07/2017 04:23;13;Marseille;1.0000;Malveillance;-
2017-11073;2017;15/07/2017 13:02;13;Salon-de-Provence;3.0000;-;-
2017-11380;2017;15/07/2017 14:32;13;Marseille;0.6000;Malveillance;-
2017-11097;2017;15/07/2017 15:13;13;Saint-Cannat;795.5100;Involontaire (particulier);-
2017-12262;2017;15/07/2017 18:27;13;Port-de-Bouc;0.5000;Malveillance;-
2017-11091;2017;16/07/2017 01:56;13;La Bouilladisse;0.0030;Malveillance;-
2017-11090;2017;16/07/2017 01:57;13;La Destrousse;0.0200;Malveillance;-
2017-6692;2017;16/07/2017 01:57;13;La Destrousse;0.0010;Malveillance;-
2017-11079;2017;16/07/2017 03:03;13;Arles;4.3700;-;-
2017-11062;2017;16/07/2017 12:22;13;Châteauneuf-le-Rouge;0.0050;-;-
2017-11084;2017;16/07/2017 16:49;13;Orgon;0.0800;Malveillance;-
2017-11088;2017;16/07/2017 19:32;13;La Bouilladisse;0.0060;Malveillance;-
2017-11158;2017;18/07/2017 17:02;13;Istres;0.1500;Malveillance;-
2017-11159;2017;18/07/2017 18:10;13;Fontvieille;3.5600;-;-
2017-11200;2017;20/07/2017 14:33;13;Pélissanne;0.6000;Involontaire (particulier);-
2017-6693;2017;20/07/2017 17:52;13;Lançon-Provence;0.0010;Naturelle;-
2017-6694;2017;21/07/2017 14:51;13;Trets;0.0005;Naturelle;-
2017-11290;2017;21/07/2017 15:00;13;Meyreuil;0.3000;-;-
2017-6695;2017;22/07/2017 11:48;13;Jouques;0.0100;-;-
2017-11282;2017;23/07/2017 16:22;13;Aureille;0.0150;-;-
2017-11318;2017;24/07/2017 11:19;13;Fos-sur-Mer;0.3000;Involontaire (travaux);-
2017-14188;2017;24/07/2017 15:05;13;Marseille;5.5000;Malveillance;-
2017-11319;2017;24/07/2017 16:24;13;Grans;0.0600;-;-
2017-11321;2017;24/07/2017 17:08;13;Châteauneuf-les-Martigues;0.3000;-;-
2017-11325;2017;24/07/2017 20:05;13;Aix-en-Provence;0.7500;-;-
2017-11324;2017;24/07/2017 20:05;13;Aix-en-Provence;0.7500;-;-
2017-11322;2017;24/07/2017 20:24;13;Meyrargues;0.3900;-;-
2017-11323;2017;24/07/2017 21:24;13;Meyrargues;2.0000;-;-
2017-11327;2017;24/07/2017 22:50;13;Le Rove;0.0020;Malveillance;-
2017-11329;2017;25/07/2017 00:42;13;Cabriès;0.1100;-;-
2017-14189;2017;25/07/2017 02:04;13;Marseille;0.2500;-;-
2017-11497;2017;25/07/2017 13:44;13;Istres;2.2200;Malveillance;-
2017-11501;2017;25/07/2017 16:55;13;Istres;0.0100;Malveillance;-
2017-11425;2017;25/07/2017 19:08;13;Lamanon;1.0000;Involontaire (particulier);-
2017-11496;2017;25/07/2017 19:52;13;Lamanon;0.3000;Involontaire (particulier);-
2017-11500;2017;25/07/2017 20:10;13;Cadolive;0.0005;Malveillance;-
2017-11499;2017;25/07/2017 23:37;13;Cabriès;0.1000;-;-
2017-6696;2017;25/07/2017 23:43;13;Cabriès;0.0010;Malveillance;-
2017-11498;2017;25/07/2017 23:54;13;Fontvieille;0.1000;-;-
2017-11424;2017;26/07/2017 04:44;13;Martigues;158.8000;Involontaire (particulier);-
2017-11426;2017;26/07/2017 10:00;13;Peynier;96.4000;Involontaire (particulier);-
2017-11432;2017;26/07/2017 13:44;13;Istres;0.2500;Malveillance;-
2017-11429;2017;26/07/2017 16:52;13;Lamanon;0.0300;-;-
2017-11430;2017;26/07/2017 22:00;13;Martigues;4.4600;Involontaire (particulier);-
2017-11431;2017;27/07/2017 02:51;13;Saint-Chamas;0.1000;-;-
2017-11494;2017;27/07/2017 16:29;13;Istres;0.5700;Malveillance;-
2017-11433;2017;27/07/2017 16:45;13;Istres;1.0000;Malveillance;-
2017-6697;2017;28/07/2017 18:07;13;Aubagne;0.5000;Malveillance;-
2017-11491;2017;29/07/2017 13:48;13;Cassis;0.0400;Involontaire (particulier);-
2017-11492;2017;29/07/2017 18:09;13;Aubagne;0.5000;Malveillance;-
2017-11645;2017;31/07/2017 15:25;13;Istres;5.8200;Malveillance;-
2017-11646;2017;31/07/2017 17:00;13;Mas-Blanc-des-Alpilles;5.0600;-;-
2017-11810;2017;01/08/2017 12:21;13;Istres;0.1000;Accidentelle;-
2017-11819;2017;01/08/2017 12:30;13;Aix-en-Provence;0.9000;-;-
2017-11813;2017;01/08/2017 13:19;13;Meyrargues;2.9900;-;-
2017-11815;2017;01/08/2017 14:32;13;Aix-en-Provence;13.8100;Involontaire (particulier);-
2017-11816;2017;01/08/2017 14:50;13;Istres;72.5200;Malveillance;-
2017-11817;2017;01/08/2017 14:50;13;Jouques;0.1500;Accidentelle;-
2017-11809;2017;01/08/2017 15:00;13;Fuveau;0.0050;Accidentelle;-
2017-11837;2017;02/08/2017 12:59;13;Meyreuil;0.0100;Malveillance;-
2017-11838;2017;02/08/2017 14:54;13;Ceyreste;0.0150;-;-
2017-11841;2017;02/08/2017 18:40;13;Miramas;0.0300;Malveillance;-
2017-11857;2017;03/08/2017 12:42;13;Rousset;0.0500;Accidentelle;-
2017-11858;2017;03/08/2017 13:42;13;Éguilles;0.0500;Accidentelle;-
2017-11856;2017;03/08/2017 19:26;13;Saint-Chamas;0.0500;-;-
2017-11859;2017;03/08/2017 23:52;13;Martigues;0.0500;-;-
2017-11964;2017;04/08/2017 16:44;13;Éguilles;0.3000;Accidentelle;-
2017-11982;2017;04/08/2017 23:00;13;Aubagne;0.0050;Malveillance;-
2017-11970;2017;05/08/2017 03:45;13;Barbentane;0.0050;Malveillance;-
2017-11973;2017;05/08/2017 15:14;13;Éguilles;0.0500;Accidentelle;-
2017-11976;2017;06/08/2017 03:45;13;Cuges-les-Pins;0.0100;Naturelle;-
2017-11977;2017;06/08/2017 06:30;13;Maussane-les-Alpilles;0.6000;Naturelle;-
2017-11971;2017;06/08/2017 06:39;13;Boulbon;0.0500;Naturelle;-
2017-12012;2017;06/08/2017 13:55;13;Bouc-Bel-Air;0.0330;-;-
2017-12013;2017;06/08/2017 15:08;13;Aurons;0.0100;-;-
2017-12014;2017;06/08/2017 17:50;13;Éguilles;1.5000;-;-
2017-6759;2017;07/08/2017 17:05;13;Aubagne;0.0700;Malveillance;-
2017-12099;2017;07/08/2017 17:16;13;Aubagne;0.0900;Malveillance;-
2017-12171;2017;08/08/2017 16:10;13;Aubagne;0.0800;Malveillance;-
2017-12172;2017;08/08/2017 17:00;13;Charleval;0.0050;Naturelle;-
2017-12263;2017;09/08/2017 14:30;13;Saint-Étienne-du-Grès;0.0010;Malveillance;-
2017-6760;2017;09/08/2017 15:39;13;Boulbon;0.0010;Naturelle;-
2017-12269;2017;10/08/2017 03:20;13;Marseille;1.0000;-;-
2017-12259;2017;10/08/2017 18:17;13;Port-de-Bouc;33.6300;Malveillance;-
2017-6761;2017;11/08/2017 06:42;13;Les Pennes-Mirabeau;0.0200;Accidentelle;-
2017-13471;2017;11/08/2017 11:42;13;Tarascon;3.0000;Involontaire (travaux);-
2017-13472;2017;12/08/2017 00:51;13;La Ciotat;1.1000;Accidentelle;-
2017-13473;2017;12/08/2017 13:18;13;Rognac;0.2000;Accidentelle;-
2017-13475;2017;14/08/2017 12:52;13;Martigues;0.1500;-;-
2017-13476;2017;14/08/2017 13:08;13;Bouc-Bel-Air;0.0100;-;-
2017-13477;2017;14/08/2017 16:03;13;Aubagne;0.0100;Malveillance;-
2017-6762;2017;17/08/2017 18:33;13;Aubagne;0.0100;Malveillance;-
2017-6763;2017;17/08/2017 19:45;13;Aubagne;0.0050;Malveillance;-
2017-13487;2017;18/08/2017 21:45;13;Aubagne;0.0020;Malveillance;-
2017-13486;2017;19/08/2017 11:12;13;Aubagne;0.0300;Malveillance;-
2017-13485;2017;19/08/2017 17:31;13;Aubagne;229.7000;Malveillance;-
2017-13488;2017;19/08/2017 20:35;13;Fos-sur-Mer;0.8000;Malveillance;-
2017-13484;2017;19/08/2017 20:41;13;Puyloubier;47.2700;-;-
2017-13483;2017;20/08/2017 09:45;13;Les Baux-de-Provence;0.0700;Accidentelle;-
2017-6764;2017;21/08/2017 16:53;13;Miramas;0.0500;Malveillance;-
2017-6765;2017;22/08/2017 14:49;13;Miramas;0.0800;Malveillance;-
2017-13482;2017;22/08/2017 16:28;13;Allauch;0.0200;-;-
2017-13479;2017;22/08/2017 16:38;13;Miramas;0.0330;Malveillance;-
2017-6766;2017;22/08/2017 17:12;13;Miramas;0.0200;Malveillance;-
2017-13480;2017;22/08/2017 17:12;13;Grans;0.0070;-;-
2017-13478;2017;22/08/2017 17:26;13;Miramas;0.0090;Malveillance;-
2017-13468;2017;23/08/2017 14:49;13;Miramas;0.0300;Malveillance;-
2017-13465;2017;25/08/2017 13:28;13;Saint-Savournin;0.0100;-;-
2017-13464;2017;25/08/2017 16:42;13;Miramas;0.0005;-;-
2017-13466;2017;27/08/2017 14:53;13;Les Pennes-Mirabeau;0.0500;-;-
2017-6767;2017;28/08/2017 19:46;13;Aubagne;0.0110;Malveillance;-
2017-6769;2017;30/08/2017 19:47;13;Aubagne;0.0002;Malveillance;-
2017-13696;2017;01/09/2017 13:46;13;Miramas;0.1200;Malveillance;-
2017-13701;2017;01/09/2017 15:00;13;Aix-en-Provence;0.1700;Involontaire (travaux);-
2017-13698;2017;02/09/2017 14:11;13;Les Pennes-Mirabeau;0.0050;-;-
2017-13697;2017;02/09/2017 14:11;13;Les Pennes-Mirabeau;0.0030;-;-
2017-13693;2017;02/09/2017 14:56;13;Aubagne;0.0100;Malveillance;-
2017-13694;2017;02/09/2017 14:56;13;Aubagne;0.0020;Malveillance;-
2017-13699;2017;02/09/2017 15:30;13;Les Pennes-Mirabeau;0.0002;-;-
2017-13952;2017;02/09/2017 18:57;13;Marseille;0.2000;Malveillance;-
2017-13692;2017;03/09/2017 01:30;13;Peypin;10.8900;Malveillance;-
2017-13835;2017;05/09/2017 18:39;13;Rognes;0.0005;Involontaire (particulier);-
2017-13839;2017;06/09/2017 23:20;13;Lançon-Provence;0.0900;-;-
2017-13836;2017;07/09/2017 12:45;13;Istres;1.0000;Accidentelle;-
2017-13837;2017;07/09/2017 13:00;13;Istres;0.5000;-;-
2017-13841;2017;07/09/2017 13:07;13;La Fare-les-Oliviers;0.2000;-;-
2017-13840;2017;07/09/2017 17:00;13;Gignac-la-Nerthe;0.0300;-;-
2017-13900;2017;08/09/2017 13:52;13;Aubagne;0.0240;Malveillance;-
2017-13902;2017;11/09/2017 04:01;13;Aix-en-Provence;0.0020;-;-
2017-13901;2017;11/09/2017 04:09;13;Aix-en-Provence;0.0050;-;-
2017-13911;2017;11/09/2017 15:43;13;Saint-Victoret;0.3000;-;-
2017-13912;2017;11/09/2017 16:41;13;Meyrargues;0.0050;Accidentelle;-
2017-13915;2017;11/09/2017 17:00;13;Marignane;0.0500;-;-
2017-13966;2017;12/09/2017 15:52;13;Arles;0.0400;Involontaire (particulier);-
2017-13970;2017;12/09/2017 15:52;13;Arles;0.0400;Involontaire (particulier);-
2017-6770;2017;12/09/2017 17:09;13;Martigues;0.1200;-;-
2017-13965;2017;12/09/2017 20:41;13;Aubagne;0.0020;Malveillance;-
2017-13967;2017;13/09/2017 03:13;13;Aix-en-Provence;1.5000;-;-
2017-6771;2017;17/09/2017 11:53;13;Salon-de-Provence;0.3000;-;-
2017-14460;2017;17/09/2017 12:14;13;Salon-de-Provence;0.3000;-;-
2017-14463;2017;20/09/2017 05:30;13;Aix-en-Provence;0.0100;Malveillance;-
2017-14462;2017;20/09/2017 05:30;13;Aix-en-Provence;0.0100;Malveillance;-
2017-14461;2017;20/09/2017 06:30;13;La Ciotat;0.0020;Accidentelle;-
2017-14823;2017;27/09/2017 12:53;13;Saint-Antonin-sur-Bayon;0.0500;-;-
2017-14829;2017;04/10/2017 14:57;13;Aubagne;0.4000;Involontaire (travaux);-
2017-14822;2017;06/10/2017 13:02;13;Aix-en-Provence;0.1000;Accidentelle;-
2017-14821;2017;06/10/2017 22:09;13;Le Puy-Sainte-Réparade;2.0000;-;-
2017-14820;2017;08/10/2017 12:17;13;Martigues;4.5000;Involontaire (travaux);-
2017-14819;2017;09/10/2017 15:48;13;Auriol;0.2000;Involontaire (travaux);-
2017-14825;2017;09/10/2017 16:38;13;Jouques;0.7000;Involontaire (travaux);-
2017-14874;2017;11/10/2017 13:30;13;Alleins;2.0000;Involontaire (particulier);-
2017-15445;2017;20/10/2017 18:10;13;Martigues;0.0050;Malveillance;-
2017-15446;2017;22/10/2017 06:03;13;Istres;0.1000;Malveillance;-
2017-15447;2017;22/10/2017 15:05;13;Saint-Chamas;0.5000;Malveillance;-
2017-15389;2017;24/10/2017 13:20;13;Martigues;0.6000;Malveillance;-
2017-15467;2017;24/10/2017 15:30;13;Fontvieille;22.3600;Involontaire (travaux);-
2017-15702;2017;27/10/2017 12:50;13;Saint-Rémy-de-Provence;1.0000;-;-
2017-15710;2017;27/10/2017 14:10;13;Berre-l'Étang;4.0000;Involontaire (travaux);-
2017-15722;2017;29/10/2017 00:30;13;Cuges-les-Pins;0.5600;Involontaire (travaux);-
2017-15778;2017;29/10/2017 16:34;13;Marseille;0.2000;Accidentelle;-
2017-15942;2017;11/11/2017 13:41;13;Martigues;0.2000;Malveillance;-
2017-16064;2017;13/11/2017 16:06;13;Fos-sur-Mer;4.9200;-;-
2017-16479;2017;21/11/2017 11:54;13;Berre-l'Étang;0.2000;Accidentelle;-
2017-16478;2017;21/11/2017 20:41;13;Aureille;0.2500;Accidentelle;-
2018-8513;2018;06/01/2018 19:32;13;Saint-Mitre-les-Remparts;0.3000;Involontaire (particulier);-
2018-8795;2018;05/04/2018 14:49;13;Lançon-Provence;2.5000;Involontaire (travaux);-
2018-8798;2018;07/04/2018 13:00;13;Peypin;0.0030;Involontaire (travaux);-
2018-8799;2018;07/04/2018 17:00;13;Fuveau;0.0006;Malveillance;-
2018-8800;2018;08/04/2018 18:00;13;Ventabren;0.4000;Accidentelle;-
2018-3471;2018;28/04/2018 15:30;13;Velaux;0.5000;Involontaire (travaux);-
2018-3566;2018;26/05/2018 18:41;13;Lambesc;0.4000;Malveillance;-
2018-3570;2018;08/06/2018 14:33;13;Lamanon;0.7000;Accidentelle;-
2018-3567;2018;13/06/2018 18:16;13;Cabriès;0.3200;Naturelle;-
2018-3576;2018;18/06/2018 13:44;13;Salon-de-Provence;0.1000;Involontaire (travaux);-
2018-3577;2018;18/06/2018 19:23;13;Martigues;0.0500;-;-
2018-3704;2018;22/06/2018 03:13;13;Eyguières;1.0000;Involontaire (travaux);-
2018-3701;2018;26/06/2018 14:42;13;Septèmes-les-Vallons;0.0300;-;-
2018-3697;2018;27/06/2018 14:21;13;Vitrolles;0.4900;Accidentelle;-
2018-3702;2018;01/07/2018 11:08;13;Martigues;0.1400;-;-
2018-6590;2018;02/07/2018 11:58;13;Peyrolles-en-Provence;0.0010;-;-
2018-6591;2018;02/07/2018 13:13;13;Maussane-les-Alpilles;0.0020;Involontaire (particulier);-
2018-3901;2018;02/07/2018 18:50;13;Septèmes-les-Vallons;0.0100;Accidentelle;-
2018-6592;2018;03/07/2018 13:20;13;Maussane-les-Alpilles;0.0020;Involontaire (travaux);-
2018-3899;2018;04/07/2018 12:34;13;Roquevaire;0.0020;Involontaire (particulier);-
2018-3900;2018;04/07/2018 14:44;13;Les Pennes-Mirabeau;0.2000;Involontaire (particulier);-
2018-4054;2018;06/07/2018 15:34;13;Istres;0.3000;-;-
2018-4060;2018;07/07/2018 00:53;13;Istres;0.0400;Malveillance;-
2018-4061;2018;07/07/2018 11:04;13;Saint-Martin-de-Crau;0.0020;-;-
2018-4063;2018;07/07/2018 15:06;13;Simiane-Collongue;0.0020;Involontaire (travaux);-
2018-4064;2018;07/07/2018 19:55;13;Martigues;0.0500;Accidentelle;-
2018-4065;2018;08/07/2018 01:59;13;Aureille;0.5000;Involontaire (particulier);-
2018-4066;2018;08/07/2018 18:59;13;Les Pennes-Mirabeau;0.0500;Accidentelle;-
2018-4067;2018;08/07/2018 20:21;13;Berre-l'Étang;0.0700;-;-
2018-4392;2018;10/07/2018 15:30;13;Les Pennes-Mirabeau;0.0040;Involontaire (particulier);-
2018-4390;2018;11/07/2018 11:00;13;Port-de-Bouc;1.3100;Malveillance;-
2018-4391;2018;11/07/2018 11:42;13;Peypin;1.6000;-;-
2018-4388;2018;11/07/2018 14:34;13;Salon-de-Provence;0.8000;Involontaire (particulier);-
2018-6597;2018;11/07/2018 16:17;13;Fontvieille;0.0100;-;-
2018-6596;2018;12/07/2018 13:00;13;Septèmes-les-Vallons;0.0100;Involontaire (travaux);-
2018-4792;2018;13/07/2018 17:46;13;Plan-d'Orgon;0.0300;Malveillance;-
2018-6598;2018;14/07/2018 15:11;13;Martigues;0.0500;Involontaire (particulier);-
2018-4794;2018;15/07/2018 11:56;13;Istres;0.0005;-;-
2018-4795;2018;15/07/2018 12:18;13;Vitrolles;0.0300;Accidentelle;-
2018-4796;2018;15/07/2018 22:21;13;Maussane-les-Alpilles;0.0500;-;-
2018-4916;2018;18/07/2018 16:46;13;Fos-sur-Mer;0.2000;Malveillance;-
2018-5125;2018;19/07/2018 16:18;13;Saint-Paul-lès-Durance;0.0025;Involontaire (particulier);-
2018-5124;2018;19/07/2018 17:16;13;Vitrolles;0.0100;-;-
2018-5111;2018;20/07/2018 09:53;13;Les Baux-de-Provence;0.3000;Accidentelle;-
2018-5112;2018;21/07/2018 06:00;13;Cassis;0.0025;Naturelle;-
2018-5126;2018;21/07/2018 19:24;13;Fos-sur-Mer;1.7900;Malveillance;-
2018-5132;2018;22/07/2018 12:30;13;Roquevaire;0.0050;-;-
2018-5127;2018;22/07/2018 20:16;13;Fos-sur-Mer;0.5400;Malveillance;-
2018-5129;2018;22/07/2018 21:08;13;Fos-sur-Mer;0.0110;Malveillance;-
2018-5131;2018;22/07/2018 21:50;13;Istres;0.0200;Malveillance;-
2018-5130;2018;22/07/2018 21:50;13;Fos-sur-Mer;0.0200;Malveillance;-
2018-6599;2018;24/07/2018 14:01;13;Cabriès;0.0030;-;-
2018-6600;2018;24/07/2018 14:23;13;Martigues;0.0002;Accidentelle;-
2018-5282;2018;27/07/2018 19:22;13;Fuveau;0.7100;-;-
2018-6601;2018;29/07/2018 17:30;13;Saint-Chamas;0.0200;-;-
2018-5316;2018;31/07/2018 04:06;13;Orgon;0.0470;-;-
2018-5511;2018;04/08/2018 17:17;13;Le Rove;0.0330;Involontaire (particulier);-
2018-5510;2018;04/08/2018 18:14;13;Martigues;0.1300;Malveillance;-
2018-6602;2018;05/08/2018 17:00;13;Fontvieille;0.0100;-;-
2018-5512;2018;06/08/2018 13:25;13;Vitrolles;0.0100;-;-
2018-5514;2018;06/08/2018 17:08;13;Gréasque;0.0020;-;-
2018-5513;2018;06/08/2018 18:18;13;Jouques;0.0100;Naturelle;-
2018-6603;2018;09/08/2018 11:30;13;Graveson;0.0002;Involontaire (particulier);-
2018-6605;2018;09/08/2018 11:54;13;Les Baux-de-Provence;0.0010;Naturelle;-
2018-6606;2018;09/08/2018 13:31;13;Martigues;0.0030;Naturelle;-
2018-6607;2018;09/08/2018 16:17;13;Jouques;0.0002;Naturelle;-
2018-6614;2018;11/08/2018 16:11;13;Miramas;0.0500;-;-
2018-8416;2018;15/08/2018 13:28;13;Coudoux;1.1000;Involontaire (particulier);-
2018-6616;2018;15/08/2018 14:30;13;Auriol;0.0005;Accidentelle;-
2018-6617;2018;17/08/2018 16:30;13;Saint-Rémy-de-Provence;0.0100;Naturelle;-
2018-6156;2018;18/08/2018 19:08;13;Venelles;0.0100;Naturelle;-
2018-6158;2018;18/08/2018 23:29;13;Fuveau;0.0200;-;-
2018-6160;2018;20/08/2018 03:39;13;Cassis;0.0400;Malveillance;-
2018-6618;2018;21/08/2018 17:58;13;Septèmes-les-Vallons;0.0200;-;-
2018-6619;2018;22/08/2018 13:41;13;Gardanne;0.0200;Naturelle;-
2018-6620;2018;23/08/2018 13:38;13;Cassis;0.0050;Accidentelle;-
2018-6621;2018;23/08/2018 15:38;13;Vitrolles;0.0050;-;-
2018-6161;2018;23/08/2018 16:58;13;Cabriès;0.0100;Involontaire (travaux);-
2018-6162;2018;24/08/2018 23:58;13;La Ciotat;0.0500;Accidentelle;-
2018-6163;2018;27/08/2018 19:40;13;Martigues;0.0900;Malveillance;-
2018-6166;2018;28/08/2018 17:01;13;Port-de-Bouc;0.0100;Malveillance;-
2018-6622;2018;30/08/2018 15:02;13;Martigues;0.0050;-;-
2018-6109;2018;01/09/2018 13:23;13;Saint-Mitre-les-Remparts;0.0010;-;-
2018-6110;2018;01/09/2018 16:48;13;Martigues;0.0200;Malveillance;-
2018-6623;2018;01/09/2018 17:38;13;Martigues;0.0200;Malveillance;-
2018-6112;2018;01/09/2018 18:23;13;Fos-sur-Mer;0.9000;Malveillance;-
2018-6111;2018;02/09/2018 10:49;13;Martigues;0.0050;Malveillance;-
2018-6624;2018;02/09/2018 17:37;13;Allauch;0.0050;Accidentelle;-
2018-6625;2018;02/09/2018 19:30;13;Salon-de-Provence;0.0300;-;-
2018-6593;2018;04/09/2018 18:45;13;Mimet;0.0002;Involontaire (particulier);-
2018-6595;2018;06/09/2018 17:12;13;Allauch;0.0002;Involontaire (particulier);-
2018-6266;2018;08/09/2018 15:32;13;Martigues;0.1000;Accidentelle;-
2018-6449;2018;14/09/2018 06:18;13;Marseille;2.6700;Involontaire (particulier);-
2018-6432;2018;14/09/2018 14:19;13;Aix-en-Provence;0.2000;Accidentelle;-
2018-6431;2018;14/09/2018 17:17;13;Port-de-Bouc;0.6300;Malveillance;-
2018-6494;2018;22/09/2018 15:04;13;Lançon-Provence;1.1000;-;-
2018-6496;2018;23/09/2018 06:00;13;Les Pennes-Mirabeau;12.3300;Accidentelle;-
2018-6567;2018;24/09/2018 12:58;13;Istres;0.0100;-;-
2018-6566;2018;24/09/2018 14:09;13;Lamanon;0.6000;Accidentelle;-
2018-6568;2018;24/09/2018 14:41;13;Martigues;0.0020;Malveillance;-
2018-6569;2018;24/09/2018 14:59;13;Vitrolles;0.5000;-;-
2018-6563;2018;24/09/2018 19:37;13;Port-de-Bouc;0.0060;Malveillance;-
2018-6560;2018;24/09/2018 20:27;13;Martigues;0.2500;Malveillance;-
2018-6628;2018;26/09/2018 15:11;13;Miramas;1.0000;Involontaire (travaux);-
2018-6642;2018;28/09/2018 17:59;13;Port-de-Bouc;0.2500;Malveillance;-
2018-6643;2018;29/09/2018 06:44;13;Port-de-Bouc;0.1500;Malveillance;-
2018-6689;2018;01/10/2018 16:06;13;Aubagne;0.0100;-;-
2018-6688;2018;01/10/2018 17:50;13;Aubagne;0.3000;Accidentelle;-
2018-6691;2018;01/10/2018 22:14;13;Orgon;0.5000;Accidentelle;-
2018-6737;2018;02/10/2018 06:03;13;Marseille;1.2000;Malveillance;-
2018-6796;2018;02/10/2018 19:36;13;Port-de-Bouc;0.0050;Malveillance;-
2018-6798;2018;03/10/2018 16:48;13;Miramas;0.2000;Malveillance;-
2019-6100;2019;24/01/2019 12:40;13;Marseille;0.1000;-;-
2019-6419;2019;17/02/2019 00:59;13;Rognac;0.0005;Malveillance;-
2019-6418;2019;17/02/2019 03:37;13;Berre-l'Étang;0.0055;Malveillance;-
2019-6412;2019;08/03/2019 16:05;13;Istres;1.0000;-;-
2019-6413;2019;09/03/2019 18:45;13;Martigues;0.0200;Accidentelle;-
2019-6427;2019;12/03/2019 03:15;13;Rognac;0.1500;Malveillance;-
2019-6430;2019;15/03/2019 01:47;13;Rognac;0.0800;Malveillance;-
2019-6414;2019;15/03/2019 11:50;13;Port-de-Bouc;0.1200;Malveillance;-
2019-6422;2019;21/03/2019 14:31;13;Velaux;0.0015;Malveillance;-
2019-6431;2019;23/03/2019 01:47;13;Rognac;0.0100;Malveillance;-
2019-6625;2019;24/03/2019 11:33;13;Lamanon;0.0140;Involontaire (travaux);-
2019-6432;2019;24/03/2019 23:41;13;Rognac;0.0300;Malveillance;-
2019-6416;2019;26/03/2019 00:54;13;Velaux;0.0700;Malveillance;-
2019-6433;2019;27/03/2019 03:46;13;Rognac;0.3800;Malveillance;-
2019-6651;2019;17/04/2019 16:36;13;Auriol;0.0200;Accidentelle;-
2019-7063;2019;04/05/2019 15:03;13;Ensuès-la-Redonne;1.3800;Involontaire (travaux);-
2019-7064;2019;05/05/2019 07:22;13;Aix-en-Provence;0.1000;Accidentelle;-
2019-7066;2019;05/05/2019 10:38;13;Lançon-Provence;0.0400;Involontaire (particulier);-
2019-7067;2019;05/05/2019 12:35;13;Gignac-la-Nerthe;0.3000;Involontaire (travaux);-
2019-7068;2019;05/05/2019 17:28;13;Barbentane;0.0230;Accidentelle;-
2019-7069;2019;05/05/2019 18:55;13;Roquevaire;0.2000;Involontaire (travaux);-
2019-7101;2019;12/05/2019 14:35;13;Lamanon;0.2000;-;-
2019-7102;2019;12/05/2019 16:48;13;Coudoux;0.0500;-;-
2019-7210;2019;17/05/2019 15:40;13;Mimet;0.3300;Involontaire (particulier);-
2019-7211;2019;18/05/2019 15:47;13;Orgon;0.0030;-;-
2019-7220;2019;22/05/2019 17:45;13;Châteauneuf-les-Martigues;0.0400;-;-
2019-7218;2019;23/05/2019 07:56;13;Port-de-Bouc;0.0200;Malveillance;-
2019-7242;2019;25/05/2019 15:43;13;Lambesc;0.0005;-;-
2019-7240;2019;26/05/2019 17:10;13;Saint-Mitre-les-Remparts;0.3800;Malveillance;-
2019-7294;2019;31/05/2019 00:00;13;Martigues;0.0002;Malveillance;-
2019-7293;2019;31/05/2019 15:42;13;Saint-Mitre-les-Remparts;0.0500;Malveillance;-
2019-8323;2019;02/06/2019 02:05;13;Rognes;0.0005;Accidentelle;-
2019-7295;2019;03/06/2019 16:02;13;Auriol;0.0300;Involontaire (travaux);-
2019-7466;2019;07/06/2019 15:20;13;La Ciotat;0.3000;Involontaire (particulier);-
2019-7467;2019;08/06/2019 17:32;13;Le Rove;0.0220;Involontaire (particulier);-
2019-9191;2019;09/06/2019 08:54;13;Orgon;0.0290;-;-
2019-7465;2019;10/06/2019 13:14;13;La Barben;0.0500;-;-
2019-7757;2019;14/06/2019 15:22;13;Marseille;4.0000;Accidentelle;-
2019-7575;2019;16/06/2019 14:14;13;Aubagne;0.0040;-;-
2019-7576;2019;16/06/2019 20:18;13;Aubagne;0.0400;-;-
2019-7764;2019;18/06/2019 15:08;13;Plan-de-Cuques;1.0900;Malveillance;-
2019-7766;2019;19/06/2019 11:08;13;Gréasque;0.0700;-;-
2019-7780;2019;20/06/2019 13:10;13;La Bouilladisse;0.0200;Accidentelle;-
2019-8063;2019;23/06/2019 13:07;13;Aix-en-Provence;2.0000;-;-
2019-8041;2019;23/06/2019 14:30;13;Maussane-les-Alpilles;2.5700;Accidentelle;-
2019-8042;2019;23/06/2019 16:26;13;La Roque-d'Anthéron;0.2000;Involontaire (travaux);-
2019-8064;2019;23/06/2019 17:51;13;Rognac;0.2000;Involontaire (particulier);-
2019-8055;2019;24/06/2019 16:41;13;Velaux;0.5000;Accidentelle;-
2019-8056;2019;25/06/2019 10:06;13;Lamanon;1.0000;Involontaire (travaux);-
2019-8065;2019;25/06/2019 15:59;13;Arles;0.1700;-;-
2019-8111;2019;27/06/2019 15:23;13;Jouques;0.1200;Accidentelle;-
2019-8112;2019;27/06/2019 17:34;13;Aix-en-Provence;0.7200;-;-
2019-8113;2019;27/06/2019 18:16;13;Gréasque;0.0600;-;-
2019-8215;2019;28/06/2019 15:26;13;Martigues;0.1000;-;-
2019-8199;2019;28/06/2019 18:58;13;Istres;0.1500;Accidentelle;-
2019-8204;2019;29/06/2019 20:17;13;Port-de-Bouc;0.5500;Malveillance;-
2019-8207;2019;30/06/2019 05:05;13;Port-de-Bouc;0.0020;Malveillance;-
2019-8322;2019;02/07/2019 18:40;13;Septèmes-les-Vallons;0.0200;Involontaire (particulier);-
2019-8336;2019;03/07/2019 14:47;13;Saint-Rémy-de-Provence;0.0500;Involontaire (particulier);-
2019-8335;2019;03/07/2019 16:08;13;Martigues;0.6400;Involontaire (particulier);-
2019-8349;2019;04/07/2019 15:21;13;Saint-Marc-Jaumegarde;0.0250;Naturelle;-
2019-8471;2019;07/07/2019 13:18;13;Rousset;0.0100;Accidentelle;-
2019-8469;2019;07/07/2019 17:59;13;Rognac;2.0000;-;-
2019-8861;2019;10/07/2019 18:25;13;Vitrolles;2.0000;Accidentelle;-
2019-8862;2019;10/07/2019 18:26;13;Vitrolles;8.0000;Accidentelle;-
2019-8864;2019;10/07/2019 18:30;13;Vitrolles;0.2300;Accidentelle;-
2019-8863;2019;10/07/2019 18:30;13;Vitrolles;5.0000;Accidentelle;-
2019-8984;2019;11/07/2019 16:28;13;Gardanne;0.0800;Accidentelle;-
2019-8985;2019;12/07/2019 17:59;13;Saint-Paul-lès-Durance;0.0800;-;-
2019-8987;2019;13/07/2019 14:05;13;Les Pennes-Mirabeau;0.0200;-;-
2019-8988;2019;13/07/2019 14:40;13;La Ciotat;0.1200;Involontaire (particulier);-
2019-8990;2019;13/07/2019 16:05;13;Rousset;0.2000;Involontaire (travaux);-
2019-8986;2019;13/07/2019 19:59;13;La Penne-sur-Huveaune;0.1000;Malveillance;-
2019-8992;2019;14/07/2019 17:16;13;Istres;0.0500;-;-
2019-8993;2019;14/07/2019 17:34;13;Carry-le-Rouet;0.0300;-;-
2019-8994;2019;14/07/2019 19:46;13;Saint-Mitre-les-Remparts;0.0070;-;-
2019-8995;2019;14/07/2019 21:06;13;La Penne-sur-Huveaune;0.0500;-;-
2019-8996;2019;14/07/2019 22:48;13;Éguilles;0.0100;Involontaire (particulier);-
2019-9648;2019;14/07/2019 23:00;13;Marseille;0.5000;Accidentelle;-
2019-9080;2019;15/07/2019 01:26;13;Ventabren;0.1000;Malveillance;-
2019-9649;2019;15/07/2019 01:28;13;Marseille;0.5000;Malveillance;-
2019-9081;2019;15/07/2019 06:25;13;Ventabren;0.0500;Malveillance;-
2019-9083;2019;15/07/2019 15:57;13;Bouc-Bel-Air;0.1000;Accidentelle;-
2019-9072;2019;15/07/2019 17:40;13;Miramas;0.0300;-;-
2019-9114;2019;16/07/2019 11:55;13;Ventabren;0.3000;Malveillance;-
2019-9115;2019;16/07/2019 14:35;13;Ventabren;0.0200;-;-
2019-9650;2019;16/07/2019 20:05;13;Marseille;0.1000;Malveillance;-
2019-14277;2019;17/07/2019 13:13;13;Venelles;0.0020;Malveillance;-
2019-9438;2019;19/07/2019 12:48;13;Istres;0.0050;-;-
2019-9436;2019;19/07/2019 17:16;13;Rognac;0.0002;Malveillance;-
2019-9652;2019;20/07/2019 11:37;13;Marseille;0.3000;Malveillance;-
2019-9437;2019;20/07/2019 21:54;13;Les Baux-de-Provence;0.1500;-;-
2019-9435;2019;21/07/2019 13:27;13;Port-de-Bouc;0.2000;Malveillance;-
2019-9440;2019;21/07/2019 15:25;13;La Roque-d'Anthéron;0.6000;Accidentelle;-
2019-9439;2019;22/07/2019 01:06;13;Istres;0.0300;Involontaire (particulier);-
2019-9621;2019;23/07/2019 12:15;13;Port-de-Bouc;0.0005;Malveillance;-
2019-9620;2019;23/07/2019 16:43;13;Martigues;0.0050;Malveillance;-
2019-9622;2019;24/07/2019 01:56;13;Ventabren;0.0100;-;-
2019-9700;2019;24/07/2019 14:56;13;Lambesc;0.1700;Involontaire (particulier);-
2019-9701;2019;24/07/2019 22:15;13;La Barben;0.0300;Accidentelle;-
2019-9703;2019;25/07/2019 01:48;13;Velaux;0.0080;-;-
2019-9704;2019;25/07/2019 04:26;13;Velaux;0.0400;-;-
2019-9855;2019;25/07/2019 11:08;13;Roquefort-la-Bédoule;0.0005;Involontaire (travaux);-
2019-9856;2019;25/07/2019 17:19;13;Aix-en-Provence;0.1000;Accidentelle;-
2019-9859;2019;26/07/2019 00:20;13;Port-de-Bouc;0.0100;-;-
2019-9862;2019;26/07/2019 09:11;13;Arles;0.0600;Accidentelle;-
2019-9863;2019;27/07/2019 14:46;13;Allauch;0.0100;Naturelle;-
2019-9864;2019;27/07/2019 15:13;13;Aix-en-Provence;0.0600;Malveillance;-
2019-9865;2019;28/07/2019 20:33;13;Istres;0.0300;-;-
2019-9866;2019;28/07/2019 21:27;13;Istres;0.0050;-;-
2019-9877;2019;29/07/2019 02:53;13;Ceyreste;0.0300;Involontaire (particulier);-
2019-9871;2019;29/07/2019 03:57;13;Simiane-Collongue;0.0200;-;-
2019-9918;2019;29/07/2019 16:16;13;Berre-l'Étang;0.2000;Involontaire (travaux);-
2019-9919;2019;29/07/2019 16:21;13;Rognac;0.1500;Accidentelle;-
2019-9963;2019;30/07/2019 11:45;13;Septèmes-les-Vallons;0.0100;-;-
2019-9965;2019;30/07/2019 20:24;13;Saint-Cannat;0.0100;Accidentelle;-
2019-9966;2019;31/07/2019 00:31;13;Istres;0.3000;-;-
2019-9967;2019;31/07/2019 03:52;13;Velaux;0.1000;Accidentelle;-
2019-9968;2019;31/07/2019 04:23;13;Velaux;0.1500;Accidentelle;-
2019-10011;2019;31/07/2019 11:33;13;Roquefort-la-Bédoule;0.0411;Accidentelle;-
2019-10012;2019;31/07/2019 13:49;13;Fos-sur-Mer;0.3000;Accidentelle;-
2019-10051;2019;01/08/2019 08:08;13;Bouc-Bel-Air;0.0050;Involontaire (particulier);-
2019-10033;2019;01/08/2019 11:38;13;Auriol;0.0200;-;-
2019-10052;2019;01/08/2019 19:14;13;Istres;0.0030;-;-
2019-10185;2019;02/08/2019 19:35;13;Marseille;0.0500;Malveillance;-
2019-10098;2019;02/08/2019 19:59;13;Plan-de-Cuques;0.0050;Malveillance;-
2019-10099;2019;03/08/2019 02:30;13;Fos-sur-Mer;0.3000;Malveillance;-
2019-10100;2019;03/08/2019 03:19;13;Fos-sur-Mer;0.7000;Malveillance;-
2019-10101;2019;03/08/2019 11:59;13;Fos-sur-Mer;0.4000;Malveillance;-
2019-10097;2019;03/08/2019 16:34;13;Saint-Mitre-les-Remparts;0.0050;Malveillance;-
2019-10096;2019;03/08/2019 21:43;13;Saint-Étienne-du-Grès;0.0050;-;-
2019-10091;2019;05/08/2019 05:38;13;Châteauneuf-les-Martigues;0.0050;Accidentelle;-
2019-10170;2019;06/08/2019 11:28;13;Lambesc;0.2700;Involontaire (travaux);-
2019-10184;2019;06/08/2019 17:35;13;Les Pennes-Mirabeau;0.0020;-;-
2019-10186;2019;06/08/2019 19:54;13;Martigues;0.0050;Involontaire (particulier);-
2019-10274;2019;08/08/2019 11:46;13;Septèmes-les-Vallons;0.0040;-;-
2019-10243;2019;08/08/2019 14:51;13;Istres;0.1000;Involontaire (particulier);-
2019-10428;2019;09/08/2019 10:30;13;Arles;2.0000;-;-
2019-10284;2019;09/08/2019 10:35;13;Martigues;0.0100;Involontaire (particulier);-
2019-10425;2019;10/08/2019 17:42;13;Noves;0.1000;-;-
2019-10426;2019;10/08/2019 22:13;13;Saint-Rémy-de-Provence;0.0050;Accidentelle;-
2019-10427;2019;10/08/2019 22:13;13;Saint-Rémy-de-Provence;0.0030;Accidentelle;-
2019-10432;2019;11/08/2019 01:03;13;Les Pennes-Mirabeau;0.0100;Accidentelle;-
2019-10444;2019;11/08/2019 15:21;13;Fuveau;0.0100;Accidentelle;-
2019-10521;2019;12/08/2019 16:34;13;Saint-Chamas;0.0150;-;-
2019-10518;2019;12/08/2019 23:21;13;Martigues;0.0300;Malveillance;-
2019-10519;2019;12/08/2019 23:53;13;Lançon-Provence;3.8700;-;-
2019-10522;2019;13/08/2019 09:45;13;Arles;0.0300;-;-
2019-10573;2019;13/08/2019 18:40;13;Septèmes-les-Vallons;0.0020;-;-
2019-11333;2019;14/08/2019 17:53;13;Aix-en-Provence;0.1395;Involontaire (particulier);-
2019-11331;2019;14/08/2019 22:09;13;Salon-de-Provence;8.2100;Involontaire (particulier);-
2019-11332;2019;15/08/2019 13:28;13;Coudoux;1.1000;Involontaire (particulier);-
2019-11335;2019;16/08/2019 02:12;13;Saint-Savournin;0.0500;-;-
2019-11334;2019;16/08/2019 18:44;13;Rognac;0.2000;Involontaire (particulier);-
2019-10796;2019;17/08/2019 16:53;13;Marseille;0.2000;-;-
2019-11336;2019;21/08/2019 15:50;13;Éguilles;0.0200;Involontaire (particulier);-
2019-11339;2019;21/08/2019 17:34;13;Venelles;0.0350;-;-
2019-11340;2019;22/08/2019 11:38;13;Cuges-les-Pins;0.0200;-;-
2019-11341;2019;22/08/2019 17:32;13;Trets;0.0050;Naturelle;-
2019-11342;2019;22/08/2019 17:56;13;Peypin;0.0200;Naturelle;-
2019-11343;2019;22/08/2019 18:23;13;Simiane-Collongue;0.0200;Naturelle;-
2019-11345;2019;22/08/2019 18:53;13;Plan-de-Cuques;0.0300;Naturelle;-
2019-11344;2019;22/08/2019 19:53;13;Rousset;0.0500;Naturelle;-
2019-11346;2019;22/08/2019 23:16;13;Istres;0.0150;Malveillance;-
2019-11348;2019;26/08/2019 06:49;13;La Roque-d'Anthéron;0.0200;-;-
2019-11347;2019;26/08/2019 15:09;13;La Roque-d'Anthéron;0.0200;-;-
2019-11281;2019;29/08/2019 11:54;13;Aix-en-Provence;0.0100;-;-
2019-11282;2019;29/08/2019 16:41;13;Saint-Martin-de-Crau;0.0800;-;-
2019-11280;2019;29/08/2019 17:50;13;Miramas;0.0200;-;-
2019-11536;2019;31/08/2019 01:41;13;Marseille;0.8000;Accidentelle;-
2019-11278;2019;31/08/2019 16:59;13;Lambesc;0.1000;-;-
2019-11279;2019;02/09/2019 01:12;13;Martigues;0.0200;Malveillance;-
2019-11277;2019;02/09/2019 18:06;13;Aix-en-Provence;0.0300;-;-
2019-11329;2019;03/09/2019 15:45;13;Velaux;0.0230;-;-
2019-11349;2019;04/09/2019 03:28;13;La Roque-d'Anthéron;0.0050;-;-
2019-11389;2019;05/09/2019 13:00;13;Noves;0.0700;-;-
2019-11392;2019;05/09/2019 14:45;13;Velaux;0.3500;Malveillance;-
2019-11393;2019;05/09/2019 14:45;13;Velaux;0.3500;Malveillance;-
2019-11391;2019;05/09/2019 14:45;13;Velaux;0.3500;Malveillance;-
2019-11394;2019;05/09/2019 15:06;13;Port-de-Bouc;0.4200;Malveillance;-
2019-11396;2019;05/09/2019 16:20;13;Gémenos;0.0050;Involontaire (particulier);-
2019-11397;2019;05/09/2019 16:47;13;Cuges-les-Pins;0.0005;Accidentelle;-
2019-11398;2019;05/09/2019 17:25;13;Septèmes-les-Vallons;10.4400;Involontaire (particulier);-
2019-11399;2019;05/09/2019 17:45;13;Allauch;0.2000;-;-
2019-11400;2019;05/09/2019 19:26;13;Châteaurenard;0.0400;-;-
2019-11401;2019;05/09/2019 22:05;13;Miramas;0.0500;-;-
2019-11402;2019;06/09/2019 10:02;13;Arles;0.0500;-;-
2019-11403;2019;06/09/2019 10:02;13;Arles;0.0500;-;-
2019-11430;2019;06/09/2019 16:38;13;Simiane-Collongue;0.0200;-;-
2019-11460;2019;06/09/2019 17:09;13;La Roque-d'Anthéron;0.0030;-;-
2019-11433;2019;06/09/2019 17:53;13;Lançon-Provence;0.0100;-;-
2019-11435;2019;07/09/2019 03:34;13;Istres;0.4200;-;-
2019-11436;2019;07/09/2019 18:05;13;Martigues;0.1455;-;-
2019-11462;2019;07/09/2019 22:27;13;Martigues;0.0005;-;-
2019-11437;2019;08/09/2019 07:40;13;Aix-en-Provence;0.3000;Accidentelle;-
2019-11441;2019;08/09/2019 14:41;13;Saint-Victoret;0.6000;-;-
2019-11446;2019;08/09/2019 16:34;13;Venelles;0.5000;Accidentelle;-
2019-11448;2019;08/09/2019 18:17;13;Port-de-Bouc;0.0030;Malveillance;-
2019-11454;2019;08/09/2019 18:47;13;Port-de-Bouc;3.0000;Malveillance;-
2019-11463;2019;08/09/2019 19:58;13;Martigues;0.0300;Malveillance;-
2019-11459;2019;08/09/2019 21:19;13;Aix-en-Provence;1.0000;Involontaire (particulier);-
2019-11521;2019;09/09/2019 10:33;13;Salon-de-Provence;0.0100;-;-
2019-11522;2019;09/09/2019 15:12;13;Martigues;0.0200;-;-
2019-11466;2019;09/09/2019 15:20;13;Martigues;0.0250;-;-
2019-11523;2019;09/09/2019 16:02;13;Cabriès;0.0200;-;-
2019-11524;2019;09/09/2019 16:53;13;Eyguières;0.0020;-;-
2019-11710;2019;15/09/2019 16:48;13;Meyreuil;0.1000;Involontaire (particulier);-
2019-12088;2019;24/09/2019 14:35;13;Lambesc;0.4700;Involontaire (particulier);-
2020-16936;2020;23/02/2020 18:00;13;Ensuès-la-Redonne;0.0010;Malveillance;-
2020-18978;2020;15/03/2020 14:45;13;Marseille;0.0350;Malveillance;-
2020-13856;2020;25/03/2020 10:33;13;Rognes;0.0750;Involontaire (travaux);-
2020-16937;2020;29/03/2020 16:26;13;Jouques;0.5000;-;-
2020-16939;2020;02/04/2020 02:09;13;La Fare-les-Oliviers;0.1000;Accidentelle;-
2020-16938;2020;02/04/2020 17:41;13;Saint-Cannat;0.1200;Involontaire (particulier);-
2020-12756;2020;06/04/2020 16:27;13;Marseille;0.0500;-;-
2020-16248;2020;07/04/2020 17:12;13;Miramas;0.2800;-;-
2020-15188;2020;09/04/2020 13:05;13;Saint-Estève-Janson;0.3000;-;-
2020-16941;2020;10/04/2020 17:35;13;Tarascon;0.2000;Involontaire (particulier);-
2020-16942;2020;25/05/2020 14:06;13;Martigues;0.0200;Malveillance;-
2020-16943;2020;25/05/2020 22:17;13;Saint-Martin-de-Crau;0.0012;Accidentelle;-
2020-16944;2020;26/05/2020 12:01;13;Éguilles;0.0010;Accidentelle;-
2020-16946;2020;29/05/2020 04:17;13;Lambesc;0.0200;Involontaire (particulier);-
2020-16947;2020;02/06/2020 11:16;13;Saint-Chamas;0.0200;-;-
2020-16948;2020;07/06/2020 01:56;13;Port-de-Bouc;0.0142;Accidentelle;-
2020-13864;2020;10/06/2020 16:50;13;Martigues;0.1000;Malveillance;-
2020-16949;2020;10/06/2020 18:03;13;Salon-de-Provence;0.0020;Malveillance;-
2020-16950;2020;11/06/2020 04:45;13;Salon-de-Provence;0.0010;Involontaire (particulier);-
2020-13883;2020;15/06/2020 13:37;13;Martigues;0.0210;Malveillance;-
2020-16951;2020;17/06/2020 19:50;13;Les Pennes-Mirabeau;0.0500;Involontaire (particulier);-
2020-16952;2020;18/06/2020 15:28;13;Saint-Chamas;0.0300;-;-
2020-16954;2020;22/06/2020 11:45;13;Bouc-Bel-Air;0.0005;Involontaire (particulier);-
2020-16953;2020;22/06/2020 12:21;13;Vitrolles;0.0010;Involontaire (particulier);-
2020-16958;2020;24/06/2020 04:33;13;Tarascon;0.0010;Accidentelle;-
2020-16957;2020;24/06/2020 12:56;13;Charleval;0.0002;Involontaire (particulier);-
2020-16959;2020;24/06/2020 13:46;13;Grans;0.0030;-;-
2020-16960;2020;24/06/2020 15:41;13;Éguilles;0.2000;Accidentelle;-
2020-16955;2020;24/06/2020 20:02;13;Salon-de-Provence;0.0040;Malveillance;-
2020-16961;2020;25/06/2020 12:39;13;Le Puy-Sainte-Réparade;0.0150;Involontaire (particulier);-
2020-16963;2020;26/06/2020 08:11;13;Mimet;0.0020;Accidentelle;-
2020-13860;2020;26/06/2020 11:25;13;Port-de-Bouc;6.2000;Involontaire (travaux);-
2020-16962;2020;26/06/2020 16:39;13;Les Pennes-Mirabeau;0.0020;Involontaire (particulier);-
2020-13863;2020;26/06/2020 19:17;13;Puyloubier;0.1500;Involontaire (particulier);-
2020-16965;2020;28/06/2020 00:18;13;Aix-en-Provence;0.0005;Involontaire (particulier);-
2020-15189;2020;28/06/2020 02:32;13;Jouques;0.0050;Malveillance;-
2020-16964;2020;28/06/2020 20:55;13;Cassis;0.0005;-;-
2020-16968;2020;29/06/2020 00:06;13;Eyguières;0.0020;-;-
2020-16970;2020;29/06/2020 13:33;13;Gémenos;0.0200;Involontaire (travaux);-
2020-15191;2020;29/06/2020 15:04;13;Le Rove;0.0020;Involontaire (particulier);-
2020-16972;2020;29/06/2020 16:51;13;Fos-sur-Mer;0.0300;Malveillance;-
2020-16969;2020;29/06/2020 18:12;13;Lançon-Provence;0.3000;Involontaire (particulier);-
2020-15190;2020;29/06/2020 23:12;13;Martigues;0.0100;Malveillance;-
2020-16971;2020;29/06/2020 23:12;13;Martigues;0.0100;Malveillance;-
2020-16966;2020;29/06/2020 23:35;13;Gardanne;0.0600;Accidentelle;-
2020-16973;2020;30/06/2020 04:19;13;Martigues;0.0050;Accidentelle;-
2020-16977;2020;01/07/2020 19:42;13;Aubagne;0.0050;-;-
2020-15192;2020;03/07/2020 09:27;13;Arles;0.0080;Malveillance;-
2020-16375;2020;03/07/2020 14:26;13;Aubagne;0.0020;Involontaire (particulier);-
2020-16979;2020;04/07/2020 13:30;13;Aubagne;0.0150;-;-
2020-16980;2020;04/07/2020 16:55;13;Plan-de-Cuques;0.0050;-;-
2020-13874;2020;04/07/2020 17:12;13;Miramas;0.2816;-;-
2020-16978;2020;04/07/2020 17:33;13;Les Pennes-Mirabeau;0.2000;Involontaire (particulier);-
2020-16376;2020;05/07/2020 01:11;13;Jouques;0.0020;-;-
2020-16981;2020;05/07/2020 09:59;13;La Bouilladisse;0.0010;-;-
2020-16984;2020;06/07/2020 14:13;13;Cassis;0.0010;Involontaire (particulier);-
2020-13867;2020;06/07/2020 15:23;13;Martigues;1.6600;Involontaire (particulier);-
2020-13866;2020;06/07/2020 15:48;13;Martigues;1.4300;Accidentelle;-
2020-16982;2020;06/07/2020 16:59;13;Plan-d'Orgon;4.0000;Malveillance;-
2020-16985;2020;06/07/2020 17:37;13;Aix-en-Provence;0.0100;Involontaire (particulier);-
2020-15194;2020;06/07/2020 17:40;13;Meyreuil;0.0010;Involontaire (particulier);-
2020-16983;2020;06/07/2020 18:16;13;Cassis;0.0010;Accidentelle;-
2020-13871;2020;06/07/2020 19:23;13;Martigues;0.1980;Malveillance;-
2020-13873;2020;06/07/2020 22:58;13;Cabriès;0.3000;Accidentelle;-
2020-16987;2020;06/07/2020 23:16;13;Miramas;2.0000;-;-
2020-16989;2020;07/07/2020 02:50;13;Vitrolles;0.0005;Involontaire (particulier);-
2020-15195;2020;07/07/2020 09:03;13;Vitrolles;0.8000;Involontaire (travaux);-
2020-16992;2020;07/07/2020 15:00;13;La Roque-d'Anthéron;0.0500;-;-
2020-15197;2020;07/07/2020 15:10;13;Saint-Estève-Janson;0.0050;Accidentelle;-
2020-15196;2020;07/07/2020 17:03;13;Velaux;0.0250;Involontaire (particulier);-
2020-16990;2020;07/07/2020 17:10;13;Port-de-Bouc;0.0010;Involontaire (particulier);-
2020-16988;2020;07/07/2020 21:28;13;Miramas;0.1000;Accidentelle;-
2020-15198;2020;08/07/2020 10:19;13;Auriol;0.1500;Involontaire (particulier);-
2020-16993;2020;08/07/2020 11:24;13;Marignane;0.0010;-;-
2020-16377;2020;08/07/2020 11:42;13;Vauvenargues;0.0010;Accidentelle;-
2020-16994;2020;08/07/2020 13:42;13;Aix-en-Provence;0.0030;-;-
2020-16995;2020;08/07/2020 18:31;13;Salon-de-Provence;0.0050;-;-
2020-15199;2020;09/07/2020 04:26;13;Cabriès;0.0200;Accidentelle;-
2020-16996;2020;10/07/2020 15:49;13;Saint-Mitre-les-Remparts;0.0200;Accidentelle;-
2020-16998;2020;11/07/2020 14:11;13;Noves;0.0020;-;-
2020-17000;2020;12/07/2020 02:44;13;Aubagne;0.0030;Involontaire (particulier);-
2020-16999;2020;12/07/2020 03:37;13;Septèmes-les-Vallons;0.0500;Involontaire (particulier);-
2020-17002;2020;13/07/2020 01:59;13;Gardanne;0.0006;-;-
2020-17004;2020;13/07/2020 14:38;13;Mouriès;1.5000;Involontaire (particulier);-
2020-17003;2020;13/07/2020 21:47;13;Les Pennes-Mirabeau;0.0002;-;-
2020-17001;2020;13/07/2020 22:40;13;Saint-Cannat;0.0050;Involontaire (particulier);-
2020-16378;2020;14/07/2020 15:09;13;Aix-en-Provence;2.0000;-;-
2020-17009;2020;14/07/2020 15:50;13;Sausset-les-Pins;0.0200;Accidentelle;-
2020-17007;2020;14/07/2020 19:04;13;Septèmes-les-Vallons;0.1500;Involontaire (particulier);-
2020-13763;2020;14/07/2020 19:43;13;Marseille;0.0500;Accidentelle;-
2020-17011;2020;14/07/2020 21:26;13;Gardanne;0.1000;-;-
2020-17005;2020;14/07/2020 21:43;13;Septèmes-les-Vallons;0.0010;-;-
2020-17012;2020;14/07/2020 22:15;13;Martigues;0.0020;-;-
2020-17006;2020;14/07/2020 23:02;13;Septèmes-les-Vallons;0.0010;-;-
2020-17010;2020;14/07/2020 23:27;13;Trets;0.0200;-;-
2020-17016;2020;15/07/2020 00:36;13;Aix-en-Provence;0.0100;Accidentelle;-
2020-17013;2020;15/07/2020 15:09;13;Saint-Paul-lès-Durance;0.0030;Involontaire (particulier);-
2020-17014;2020;15/07/2020 17:45;13;Simiane-Collongue;0.0300;-;-
2020-17015;2020;15/07/2020 17:49;13;Salon-de-Provence;0.1000;Involontaire (particulier);-
2020-17017;2020;15/07/2020 23:26;13;Martigues;0.0010;-;-
2020-17020;2020;16/07/2020 06:34;13;Salon-de-Provence;0.0002;-;-
2020-17018;2020;16/07/2020 16:01;13;Istres;0.0012;-;-
2020-15200;2020;16/07/2020 16:35;13;Mouriès;2.4000;Involontaire (travaux);-
2020-17022;2020;16/07/2020 17:26;13;Saint-Martin-de-Crau;1.0000;-;-
2020-17021;2020;16/07/2020 18:40;13;Aix-en-Provence;0.0200;Involontaire (particulier);-
2020-17024;2020;17/07/2020 00:21;13;Martigues;0.0050;-;-
2020-17023;2020;17/07/2020 12:57;13;Martigues;0.0010;Accidentelle;-
2020-16260;2020;17/07/2020 13:13;13;Venelles;0.0020;Malveillance;-
2020-15201;2020;17/07/2020 14:47;13;Eygalières;0.3700;Involontaire (particulier);-
2020-17025;2020;18/07/2020 16:41;13;Miramas;0.0050;-;-
2020-17026;2020;19/07/2020 08:33;13;Martigues;0.0002;-;-
2020-17027;2020;19/07/2020 16:50;13;Tarascon;0.4000;-;-
2020-17028;2020;19/07/2020 18:20;13;Aix-en-Provence;0.0002;Accidentelle;-
2020-17029;2020;20/07/2020 06:12;13;Noves;0.0200;Involontaire (particulier);-
2020-17033;2020;24/07/2020 14:12;13;Gardanne;0.0050;Involontaire (particulier);-
2020-17031;2020;24/07/2020 16:31;13;Port-de-Bouc;0.2000;-;-
2020-17032;2020;24/07/2020 18:29;13;Rognac;0.0020;-;-
2020-17038;2020;25/07/2020 11:45;13;Rognac;0.2000;Involontaire (particulier);-
2020-17037;2020;25/07/2020 12:02;13;Rousset;0.2000;Accidentelle;-
2020-17039;2020;25/07/2020 15:46;13;Saint-Victoret;0.0030;Involontaire (particulier);-
2020-17036;2020;25/07/2020 17:39;13;Châteaurenard;0.1000;Accidentelle;-
2020-17035;2020;25/07/2020 19:04;13;Les Pennes-Mirabeau;0.0100;-;-
2020-17034;2020;25/07/2020 22:29;13;Fos-sur-Mer;0.0010;Involontaire (particulier);-
2020-15186;2020;26/07/2020 00:00;13;Saint-Rémy-de-Provence;0.0010;Involontaire (particulier);-
2020-17040;2020;29/07/2020 11:16;13;Les Pennes-Mirabeau;0.0800;Involontaire (particulier);-
2020-17043;2020;30/07/2020 15:33;13;Septèmes-les-Vallons;0.0010;Involontaire (particulier);-
2020-17042;2020;30/07/2020 15:56;13;Aubagne;0.0050;Involontaire (particulier);-
2020-17044;2020;31/07/2020 01:50;13;Rognac;0.0005;-;-
2020-17045;2020;31/07/2020 14:11;13;Aix-en-Provence;0.0010;Accidentelle;-
2020-16257;2020;01/08/2020 13:32;13;Aix-en-Provence;1.8100;Accidentelle;-
2020-17046;2020;01/08/2020 13:57;13;Aix-en-Provence;0.0010;-;-
2020-17048;2020;02/08/2020 06:14;13;Le Rove;0.0010;Involontaire (particulier);-
2020-17047;2020;02/08/2020 18:37;13;Istres;0.0010;-;-
2020-17051;2020;03/08/2020 13:25;13;Septèmes-les-Vallons;0.0012;Accidentelle;-
2020-17049;2020;03/08/2020 15:01;13;Fuveau;0.0100;Involontaire (particulier);-
2020-16252;2020;03/08/2020 18:51;13;Coudoux;11.7300;Involontaire (particulier);-
2020-17052;2020;03/08/2020 19:41;13;Martigues;0.0800;Malveillance;-
2020-17050;2020;03/08/2020 20:34;13;Septèmes-les-Vallons;0.0600;-;-
2020-17057;2020;04/08/2020 01:51;13;Les Pennes-Mirabeau;0.0010;-;-
2020-16381;2020;04/08/2020 02:41;13;Jouques;0.0050;Malveillance;-
2020-16380;2020;04/08/2020 12:52;13;Grans;0.1900;-;-
2020-17056;2020;04/08/2020 13:21;13;La Bouilladisse;0.0200;Involontaire (particulier);-
2020-17058;2020;04/08/2020 14:30;13;Vitrolles;0.0010;-;-
2020-17053;2020;04/08/2020 14:51;13;Maussane-les-Alpilles;0.0428;-;-
2020-16247;2020;04/08/2020 16:04;13;Port-de-Bouc;83.2200;Malveillance;-
2020-16379;2020;04/08/2020 16:18;13;La Ciotat;0.3600;Involontaire (particulier);-
2020-16249;2020;04/08/2020 17:14;13;Martigues;959.5100;-;-
2020-17054;2020;04/08/2020 17:18;13;Martigues;0.0989;Malveillance;-
2020-16254;2020;04/08/2020 17:27;13;Aubagne;9.1600;Involontaire (travaux);-
2020-16258;2020;04/08/2020 17:30;13;Gignac-la-Nerthe;0.5600;-;-
2020-17055;2020;04/08/2020 21:26;13;La Destrousse;0.0010;-;-
2020-16261;2020;04/08/2020 22:38;13;Fontvieille;1.0000;-;-
2020-16245;2020;05/08/2020 16:25;13;Rognac;8.7400;Involontaire (particulier);-
2020-17059;2020;05/08/2020 18:23;13;Aix-en-Provence;0.3000;-;-
2020-17060;2020;05/08/2020 22:35;13;La Barben;0.0010;-;-
2020-17061;2020;06/08/2020 16:14;13;La Roque-d'Anthéron;0.2000;Involontaire (travaux);-
2020-17063;2020;07/08/2020 22:37;13;Aix-en-Provence;0.0200;Involontaire (particulier);-
2020-17064;2020;07/08/2020 23:39;13;Aix-en-Provence;0.0050;Involontaire (particulier);-
2020-17065;2020;10/08/2020 09:39;13;Coudoux;0.0020;Involontaire (particulier);-
2020-17067;2020;10/08/2020 13:11;13;Gignac-la-Nerthe;0.5600;Involontaire (particulier);-
2020-17066;2020;10/08/2020 14:41;13;Meyreuil;0.0030;Accidentelle;-
2020-16382;2020;12/08/2020 02:21;13;Plan-de-Cuques;0.0500;-;-
2020-17069;2020;12/08/2020 13:36;13;Istres;0.0010;Involontaire (particulier);-
2020-17068;2020;12/08/2020 20:29;13;Tarascon;0.3000;-;-
2020-17070;2020;13/08/2020 08:53;13;Lançon-Provence;0.0010;Involontaire (particulier);-
2020-17071;2020;14/08/2020 16:18;13;Noves;0.0002;Involontaire (particulier);-
2020-16255;2020;15/08/2020 03:14;13;Allauch;0.0015;Malveillance;-
2020-17072;2020;15/08/2020 16:51;13;Vitrolles;0.1000;Involontaire (particulier);-
2020-17076;2020;16/08/2020 03:54;13;Allauch;0.0020;Malveillance;-
2020-17074;2020;16/08/2020 17:59;13;Rognac;0.0500;Involontaire (particulier);-
2020-17075;2020;16/08/2020 22:15;13;Rognac;0.1000;Involontaire (particulier);-
2020-17078;2020;17/08/2020 12:57;13;Rognes;0.0100;Involontaire (particulier);-
2020-17077;2020;17/08/2020 15:30;13;Arles;1.0000;-;-
2020-16259;2020;18/08/2020 14:33;13;Septèmes-les-Vallons;0.1900;-;-
2020-17209;2020;19/08/2020 18:49;13;Aix-en-Provence;0.0020;Involontaire (particulier);-
2020-17208;2020;19/08/2020 20:52;13;Bouc-Bel-Air;0.0050;-;-
2020-17211;2020;20/08/2020 14:17;13;Auriol;0.0050;-;-
2020-17212;2020;20/08/2020 17:25;13;Peypin;0.0050;Involontaire (particulier);-
2020-16250;2020;20/08/2020 18:27;13;Martigues;4.1800;-;-
2020-16256;2020;20/08/2020 18:58;13;Allauch;0.0002;Malveillance;-
2020-17213;2020;21/08/2020 17:27;13;Port-de-Bouc;0.0010;Involontaire (particulier);-
2020-17214;2020;21/08/2020 22:30;13;Simiane-Collongue;0.0003;Involontaire (particulier);-
2020-17217;2020;22/08/2020 03:25;13;Allauch;0.0005;Malveillance;-
2020-17216;2020;22/08/2020 07:40;13;Allauch;0.0002;Malveillance;-
2020-17215;2020;22/08/2020 14:38;13;Aix-en-Provence;0.0050;Involontaire (particulier);-
2020-17218;2020;23/08/2020 12:30;13;Aix-en-Provence;0.1500;-;-
2020-16383;2020;23/08/2020 13:37;13;Vitrolles;31.3100;Involontaire (particulier);-
2020-17219;2020;23/08/2020 15:29;13;Istres;0.2000;Involontaire (travaux);-
2020-16386;2020;24/08/2020 01:54;13;Saint-Rémy-de-Provence;0.0780;-;-
2020-17224;2020;24/08/2020 05:18;13;Noves;0.1500;Involontaire (particulier);-
2020-17222;2020;24/08/2020 12:09;13;Martigues;0.0100;-;-
2020-17220;2020;24/08/2020 13:10;13;Aix-en-Provence;0.1000;Accidentelle;-
2020-16251;2020;24/08/2020 14:10;13;Istres;319.6900;Involontaire (particulier);-
2020-17223;2020;24/08/2020 20:12;13;Vitrolles;0.0010;Malveillance;-
2020-17231;2020;25/08/2020 03:18;13;Carnoux-en-Provence;0.0500;Accidentelle;-
2020-17225;2020;25/08/2020 06:29;13;Mimet;0.0100;Involontaire (particulier);-
2020-17233;2020;25/08/2020 14:06;13;Vitrolles;0.0030;Accidentelle;-
2020-15998;2020;25/08/2020 17:19;13;Marseille;1.0000;-;-
2020-17226;2020;25/08/2020 21:48;13;Les Pennes-Mirabeau;0.0500;Involontaire (particulier);-
2020-17230;2020;25/08/2020 23:32;13;Cassis;0.0010;-;-
2020-17237;2020;27/08/2020 11:45;13;Bouc-Bel-Air;0.0350;Involontaire (particulier);-
2020-17235;2020;27/08/2020 15:22;13;Rognac;0.2000;Involontaire (particulier);-
2020-17234;2020;27/08/2020 17:52;13;Bouc-Bel-Air;0.0650;Accidentelle;-
2020-17236;2020;27/08/2020 22:33;13;Miramas;0.0500;Malveillance;-
2020-17238;2020;28/08/2020 15:06;13;Rognac;0.0003;Malveillance;-
2020-17239;2020;28/08/2020 18:35;13;Eyguières;0.0030;-;-
2020-17240;2020;28/08/2020 23:09;13;Rognac;0.0010;-;-
2020-17242;2020;29/08/2020 14:55;13;Saint-Chamas;0.0020;-;-
2020-17241;2020;29/08/2020 19:12;13;Allauch;0.0005;Involontaire (travaux);-
2020-17227;2020;31/08/2020 10:28;13;Lançon-Provence;0.0200;Involontaire (travaux);-
2020-16246;2020;31/08/2020 14:35;13;Port-de-Bouc;1.1900;-;-
2020-17229;2020;31/08/2020 18:13;13;Gardanne;0.0020;Involontaire (particulier);-
2020-17228;2020;31/08/2020 22:53;13;Miramas;0.1000;Malveillance;-
2020-16832;2020;01/09/2020 06:17;13;Miramas;0.0400;Malveillance;-
2020-16831;2020;01/09/2020 22:38;13;Fos-sur-Mer;0.0100;-;-
2020-16833;2020;02/09/2020 15:37;13;Martigues;0.0020;Involontaire (particulier);-
2020-16834;2020;02/09/2020 16:29;13;Allauch;0.4900;Involontaire (particulier);-
2020-16835;2020;03/09/2020 00:58;13;Miramas;0.1500;Malveillance;-
2020-16837;2020;04/09/2020 11:52;13;Eygalières;0.0053;Involontaire (particulier);-
2020-16269;2020;04/09/2020 14:21;13;Marseille;2.3900;-;-
2020-16858;2020;06/09/2020 15:42;13;Gardanne;0.0040;-;-
2020-16851;2020;06/09/2020 20:27;13;Ceyreste;0.0500;Accidentelle;-
2020-16865;2020;07/09/2020 17:12;13;Fos-sur-Mer;0.7700;Malveillance;-
2020-16872;2020;08/09/2020 13:23;13;Fos-sur-Mer;0.0050;-;-
2020-16873;2020;08/09/2020 16:28;13;Alleins;0.0200;-;-
2020-16874;2020;08/09/2020 17:33;13;Allauch;0.0100;Accidentelle;-
2020-16875;2020;09/09/2020 12:29;13;Les Pennes-Mirabeau;0.0005;Involontaire (particulier);-
2020-16876;2020;13/09/2020 16:14;13;Fos-sur-Mer;0.0400;Malveillance;-
2020-16877;2020;14/09/2020 15:11;13;Mouriès;0.0400;-;-
2020-16878;2020;16/09/2020 15:37;13;Aix-en-Provence;0.3000;-;-
2020-16882;2020;17/09/2020 10:00;13;Peynier;0.2000;Accidentelle;-
2020-16880;2020;17/09/2020 15:39;13;Le Rove;0.1000;-;-
2020-16881;2020;17/09/2020 17:50;13;Ensuès-la-Redonne;0.9800;Accidentelle;-
2020-16887;2020;19/09/2020 09:55;13;Peyrolles-en-Provence;0.0010;-;-
2020-16885;2020;19/09/2020 14:06;13;Martigues;0.2500;Involontaire (particulier);-
2020-16883;2020;19/09/2020 17:36;13;Port-de-Bouc;0.1400;Malveillance;-
2020-16884;2020;19/09/2020 19:32;13;Port-de-Bouc;0.1300;Malveillance;-
2020-16886;2020;19/09/2020 19:43;13;Ensuès-la-Redonne;5.3600;Involontaire (travaux);-
2020-16888;2020;28/09/2020 11:09;13;Arles;0.0010;Naturelle;-
2020-16889;2020;30/09/2020 16:20;13;Martigues;0.0400;Involontaire (particulier);-
2020-16940;2020;02/10/2020 14:12;13;La Fare-les-Oliviers;0.0100;-;-
2020-16891;2020;11/10/2020 12:39;13;Saint-Rémy-de-Provence;0.0020;Accidentelle;-
2020-16830;2020;15/10/2020 15:36;13;Auriol;0.1000;Accidentelle;-
2020-17431;2020;24/11/2020 15:45;13;Meyreuil;0.2000;Involontaire (particulier);-
2021-10394;2021;15/01/2021 18:33;13;Martigues;0.0020;Malveillance;-
2021-5256;2021;27/01/2021 14:58;13;Châteauneuf-le-Rouge;0.0005;-;-
2021-5259;2021;29/01/2021 06:44;13;Carry-le-Rouet;0.0005;Involontaire (particulier);-
2021-5257;2021;29/01/2021 23:34;13;Sausset-les-Pins;0.2000;Involontaire (particulier);-
2021-5260;2021;21/02/2021 13:29;13;Salon-de-Provence;0.0040;-;-
2021-5261;2021;04/03/2021 08:05;13;Auriol;0.0300;Accidentelle;-
2021-5262;2021;15/03/2021 13:20;13;Ceyreste;0.0400;Involontaire (travaux);-
2021-5265;2021;16/03/2021 14:29;13;Saint-Mitre-les-Remparts;0.0010;-;-
2021-5263;2021;16/03/2021 16:04;13;Grans;0.0400;Involontaire (particulier);-
2021-5264;2021;16/03/2021 16:10;13;Eygalières;0.4000;Involontaire (particulier);-
2021-5267;2021;17/03/2021 05:00;13;Meyrargues;0.0400;-;-
2021-5270;2021;20/03/2021 21:54;13;Saint-Martin-de-Crau;0.0040;Involontaire (particulier);-
2021-5272;2021;22/03/2021 05:19;13;Aix-en-Provence;0.0020;Accidentelle;-
2021-5275;2021;25/03/2021 14:46;13;Saint-Martin-de-Crau;0.0005;Involontaire (particulier);-
2021-5273;2021;25/03/2021 17:27;13;Auriol;0.1000;-;-
2021-5277;2021;27/03/2021 15:48;13;Aix-en-Provence;0.0100;Malveillance;-
2021-10395;2021;27/03/2021 16:41;13;Aix-en-Provence;0.0500;Accidentelle;-
2021-5278;2021;27/03/2021 17:25;13;Aix-en-Provence;0.0020;Malveillance;-
2021-5276;2021;27/03/2021 18:18;13;Salon-de-Provence;0.0200;-;-
2021-5279;2021;28/03/2021 18:05;13;Mouriès;0.1000;Malveillance;-
2021-5383;2021;30/03/2021 15:25;13;Plan-d'Orgon;0.0400;-;-
2021-5283;2021;31/03/2021 14:56;13;Trets;0.1000;Involontaire (travaux);-
2021-5286;2021;01/04/2021 17:09;13;Tarascon;0.0500;Involontaire (particulier);-
2021-5289;2021;02/04/2021 19:40;13;Salon-de-Provence;0.0050;-;-
2021-5382;2021;03/04/2021 15:58;13;Le Puy-Sainte-Réparade;0.1000;-;-
2021-5297;2021;03/04/2021 17:18;13;Peynier;0.0100;Involontaire (travaux);-
2021-5291;2021;05/04/2021 12:37;13;Peypin;0.0020;Involontaire (particulier);-
2021-5293;2021;06/04/2021 10:47;13;La Ciotat;0.0200;Involontaire (particulier);-
2021-5294;2021;06/04/2021 13:35;13;Miramas;0.0200;-;-
2021-5295;2021;06/04/2021 14:37;13;Aix-en-Provence;3.0000;-;-
2021-5285;2021;06/04/2021 16:45;13;Auriol;80.3300;Involontaire (particulier);-
2021-5306;2021;06/04/2021 17:10;13;Meyrargues;0.0400;Involontaire (particulier);-
2021-5307;2021;06/04/2021 17:40;13;Saint-Savournin;0.0100;-;-
2021-5300;2021;06/04/2021 20:59;13;Orgon;0.0400;Involontaire (particulier);-
2021-5308;2021;07/04/2021 10:00;13;Noves;0.2000;Involontaire (particulier);-
2021-5310;2021;07/04/2021 12:09;13;Meyreuil;0.0040;Involontaire (particulier);-
2021-5381;2021;08/04/2021 05:59;13;Miramas;0.0020;Accidentelle;-
2021-10397;2021;08/04/2021 13:54;13;Éguilles;0.0100;Involontaire (particulier);-
2021-5319;2021;09/04/2021 05:28;13;Sénas;0.0200;Involontaire (particulier);-
2021-5316;2021;09/04/2021 19:30;13;Aix-en-Provence;0.0040;Involontaire (particulier);-
2021-5314;2021;11/04/2021 09:29;13;Plan-d'Orgon;0.0020;Involontaire (particulier);-
2021-5377;2021;17/04/2021 13:46;13;Tarascon;0.1000;Involontaire (particulier);-
2021-5322;2021;18/04/2021 18:08;13;Lançon-Provence;0.0300;-;-
2021-5323;2021;19/04/2021 19:57;13;Salon-de-Provence;0.0010;Involontaire (particulier);-
2021-5324;2021;20/04/2021 16:24;13;Peyrolles-en-Provence;0.0010;Accidentelle;-
2021-5325;2021;22/04/2021 14:58;13;Lançon-Provence;0.8000;Involontaire (particulier);-
2021-5379;2021;22/04/2021 18:30;13;Meyrargues;0.0060;Involontaire (particulier);-
2021-5328;2021;23/04/2021 15:45;13;Saintes-Maries-de-la-Mer;0.4000;Involontaire (particulier);-
2021-5329;2021;23/04/2021 15:56;13;Lambesc;0.0100;Involontaire (particulier);-
2021-5380;2021;07/05/2021 10:53;13;Aix-en-Provence;0.0100;Involontaire (particulier);-
2021-5330;2021;18/05/2021 06:01;13;Aix-en-Provence;0.0050;Accidentelle;-
2021-5332;2021;18/05/2021 09:51;13;Fos-sur-Mer;0.0200;Involontaire (particulier);-
2021-5333;2021;20/05/2021 03:59;13;Rognac;0.0100;Malveillance;-
2021-5334;2021;20/05/2021 11:28;13;Rousset;0.0100;Involontaire (particulier);-
2021-5335;2021;21/05/2021 11:54;13;Jouques;0.0100;Involontaire (particulier);-
2021-5336;2021;25/05/2021 13:17;13;Pélissanne;0.0100;Involontaire (particulier);-
2021-5337;2021;25/05/2021 14:20;13;Rousset;0.0300;Involontaire (particulier);-
2021-5339;2021;29/05/2021 14:41;13;Ventabren;0.0500;Involontaire (particulier);-
2021-5338;2021;29/05/2021 22:38;13;Berre-l'Étang;0.0200;Accidentelle;-
2021-5371;2021;30/05/2021 16:17;13;La Barben;0.0030;Involontaire (particulier);-
2021-5340;2021;31/05/2021 21:59;13;Vitrolles;0.0005;Malveillance;-
2021-5341;2021;01/06/2021 06:51;13;Cassis;0.0010;Involontaire (particulier);-
2021-5343;2021;03/06/2021 19:24;13;Mallemort;0.0200;-;-
2021-5344;2021;05/06/2021 15:28;13;Saint-Mitre-les-Remparts;0.1000;Involontaire (particulier);-
2021-5346;2021;06/06/2021 14:34;13;Tarascon;0.0040;Malveillance;-
2021-5347;2021;07/06/2021 12:29;13;Miramas;0.0100;-;-
2021-5349;2021;08/06/2021 12:45;13;Istres;1.0000;Involontaire (particulier);-
2021-5348;2021;08/06/2021 19:36;13;Miramas;1.5000;Malveillance;-
2021-5367;2021;10/06/2021 01:25;13;Vitrolles;0.0300;-;-
2021-5351;2021;10/06/2021 17:04;13;Rousset;0.0010;Naturelle;-
2021-5350;2021;10/06/2021 17:58;13;Trets;0.0020;Naturelle;-
2021-5352;2021;11/06/2021 07:51;13;La Ciotat;0.0200;Accidentelle;-
2021-5356;2021;11/06/2021 17:30;13;Châteauneuf-les-Martigues;0.0300;Involontaire (particulier);-
2021-5355;2021;11/06/2021 18:34;13;Roquefort-la-Bédoule;0.0010;Involontaire (particulier);-
2021-5358;2021;13/06/2021 18:40;13;Eyguières;0.0600;Involontaire (particulier);-
2021-5359;2021;13/06/2021 19:34;13;Auriol;0.0040;Accidentelle;-
2021-5360;2021;14/06/2021 11:55;13;Le Tholonet;0.2500;Involontaire (particulier);-
2021-5361;2021;15/06/2021 01:56;13;Rognac;0.3000;Accidentelle;-
2021-5362;2021;15/06/2021 15:15;13;Aix-en-Provence;0.0500;Involontaire (particulier);-
2021-5364;2021;16/06/2021 15:03;13;Velaux;0.0100;Involontaire (particulier);-
2021-5387;2021;19/06/2021 05:38;13;Marseille;0.0450;-;-
2021-8581;2021;19/06/2021 20:26;13;Rognes;0.0050;-;-
2021-8582;2021;20/06/2021 21:26;13;Septèmes-les-Vallons;0.0020;-;-
2021-8585;2021;21/06/2021 18:11;13;Cassis;0.0010;Involontaire (particulier);-
2021-8586;2021;23/06/2021 23:48;13;Le Rove;0.0015;Involontaire (particulier);-
2021-5617;2021;24/06/2021 11:21;13;Marseille;1.7000;Accidentelle;-
2021-8587;2021;24/06/2021 17:46;13;Fos-sur-Mer;0.0050;Malveillance;-
2021-8589;2021;25/06/2021 18:20;13;Lançon-Provence;0.0070;-;-
2021-8590;2021;26/06/2021 17:45;13;Salon-de-Provence;0.9800;-;-
2021-8593;2021;28/06/2021 01:48;13;Tarascon;0.0100;Accidentelle;-
2021-8595;2021;28/06/2021 09:51;13;Arles;0.0400;Involontaire (particulier);-
2021-8602;2021;28/06/2021 11:07;13;Saint-Cannat;0.0010;-;-
2021-6288;2021;28/06/2021 13:39;13;Marseille;0.5000;Malveillance;-
2021-6287;2021;28/06/2021 22:44;13;Marseille;0.0200;-;-
2021-8600;2021;29/06/2021 14:20;13;Grans;0.0100;Involontaire (travaux);-
2021-8607;2021;30/06/2021 00:27;13;Lançon-Provence;0.4800;-;-
2021-8606;2021;30/06/2021 12:39;13;Salon-de-Provence;0.0020;Involontaire (particulier);-
2021-8601;2021;30/06/2021 13:37;13;Aix-en-Provence;0.0100;-;-
2021-8604;2021;30/06/2021 13:59;13;Le Tholonet;0.0400;Involontaire (particulier);-
2021-8608;2021;30/06/2021 14:16;13;La Ciotat;0.0010;Involontaire (particulier);-
2021-8603;2021;30/06/2021 18:37;13;Saint-Chamas;2.6500;-;-
2021-8609;2021;01/07/2021 14:25;13;Aubagne;0.1200;-;-
2021-8610;2021;01/07/2021 15:04;13;Vitrolles;0.0300;Involontaire (particulier);-
2021-10753;2021;01/07/2021 23:44;13;Plan-de-Cuques;0.0100;-;-
2021-8611;2021;02/07/2021 08:29;13;Les Pennes-Mirabeau;0.0020;Involontaire (particulier);-
2021-8612;2021;02/07/2021 16:55;13;Mallemort;0.0030;-;-
2021-8614;2021;03/07/2021 14:01;13;Istres;1.0300;Accidentelle;-
2021-8613;2021;03/07/2021 19:20;13;Ensuès-la-Redonne;0.0010;Involontaire (particulier);-
2021-8615;2021;04/07/2021 19:06;13;Fuveau;0.0300;Involontaire (particulier);-
2021-8617;2021;05/07/2021 15:11;13;Saint-Chamas;0.0002;Involontaire (particulier);-
2021-8619;2021;06/07/2021 16:08;13;Martigues;0.0050;-;-
2021-8618;2021;06/07/2021 17:45;13;Les Pennes-Mirabeau;0.0050;Involontaire (particulier);-
2021-8621;2021;07/07/2021 16:48;13;Cabriès;0.0100;Malveillance;-
2021-8623;2021;08/07/2021 12:29;13;Les Pennes-Mirabeau;0.0300;Involontaire (particulier);-
2021-8624;2021;08/07/2021 14:45;13;Martigues;0.0030;Involontaire (travaux);-
2021-8625;2021;08/07/2021 18:50;13;Aubagne;0.0020;Malveillance;-
2021-8622;2021;08/07/2021 20:29;13;Aubagne;0.0050;-;-
2021-8626;2021;09/07/2021 13:50;13;Auriol;0.0150;Accidentelle;-
2021-8631;2021;10/07/2021 15:29;13;Istres;0.7600;Involontaire (particulier);-
2021-8630;2021;10/07/2021 18:07;13;Peypin;0.0100;Malveillance;-
2021-8632;2021;11/07/2021 00:07;13;Martigues;0.0250;Involontaire (particulier);-
2021-8634;2021;11/07/2021 20:05;13;Arles;0.0700;-;-
2021-8633;2021;11/07/2021 23:04;13;Aix-en-Provence;0.0100;-;-
2021-8635;2021;12/07/2021 13:06;13;Fuveau;0.0010;Involontaire (particulier);-
2021-7314;2021;13/07/2021 09:46;13;Marseille;6.4000;-;-
2021-8641;2021;13/07/2021 12:12;13;Cuges-les-Pins;0.0200;Accidentelle;-
2021-10398;2021;13/07/2021 15:05;13;La Ciotat;0.0100;Involontaire (particulier);-
2021-8637;2021;13/07/2021 17:38;13;La Ciotat;0.0015;Involontaire (particulier);-
2021-8636;2021;13/07/2021 17:38;13;Aubagne;0.0200;Malveillance;-
2021-8640;2021;13/07/2021 17:46;13;Cabriès;0.0050;-;-
2021-8639;2021;13/07/2021 19:47;13;Miramas;0.0100;Malveillance;-
2021-10754;2021;14/07/2021 14:46;13;Châteauneuf-les-Martigues;0.0150;Involontaire (particulier);-
2021-8654;2021;14/07/2021 19:55;13;Gardanne;0.0030;-;-
2021-7315;2021;14/07/2021 22:21;13;Marseille;0.2000;Malveillance;-
2021-8655;2021;14/07/2021 22:26;13;Fos-sur-Mer;0.0010;Involontaire (particulier);-
2021-8653;2021;14/07/2021 23:00;13;Plan-de-Cuques;0.0010;Involontaire (particulier);-
2021-8643;2021;15/07/2021 10:05;13;Plan-de-Cuques;0.1500;-;-
2021-8658;2021;15/07/2021 12:39;13;Les Pennes-Mirabeau;3.2300;Accidentelle;-
2021-8657;2021;15/07/2021 17:05;13;Martigues;0.0200;-;-
2021-8656;2021;15/07/2021 17:20;13;Berre-l'Étang;0.0100;Involontaire (particulier);-
2021-8659;2021;15/07/2021 18:08;13;Istres;0.0003;-;-
2021-8663;2021;16/07/2021 04:30;13;Rognac;0.0350;Malveillance;-
2021-8664;2021;16/07/2021 04:41;13;Rognac;0.1000;Malveillance;-
2021-8666;2021;16/07/2021 05:05;13;Rognac;0.0200;Malveillance;-
2021-8681;2021;16/07/2021 11:25;13;Aubagne;0.0030;Involontaire (particulier);-
2021-8680;2021;16/07/2021 11:55;13;Auriol;0.0020;Involontaire (particulier);-
2021-8676;2021;16/07/2021 12:00;13;Martigues;0.0020;Involontaire (particulier);-
2021-8679;2021;16/07/2021 14:08;13;Ensuès-la-Redonne;0.0010;Involontaire (particulier);-
2021-8682;2021;16/07/2021 14:36;13;Pélissanne;0.0500;Involontaire (particulier);-
2021-8678;2021;16/07/2021 16:22;13;Martigues;5.9000;Involontaire (particulier);-
2021-8677;2021;16/07/2021 18:23;13;Plan-de-Cuques;0.0100;-;-
2021-7318;2021;16/07/2021 23:05;13;Marseille;0.0300;Malveillance;-
2021-8685;2021;17/07/2021 15:09;13;Peypin;0.0800;Involontaire (travaux);-
2021-8684;2021;17/07/2021 18:28;13;Port-de-Bouc;0.0004;Involontaire (particulier);-
2021-8686;2021;18/07/2021 18:41;13;Martigues;0.0600;Malveillance;-
2021-8687;2021;18/07/2021 18:43;13;Martigues;0.1200;Malveillance;-
2021-8688;2021;18/07/2021 18:45;13;Martigues;0.1100;Malveillance;-
2021-8689;2021;18/07/2021 22:16;13;Martigues;0.0100;Involontaire (particulier);-
2021-8692;2021;19/07/2021 03:56;13;Martigues;0.0100;-;-
2021-8691;2021;19/07/2021 13:50;13;Martigues;0.0200;Involontaire (travaux);-
2021-8690;2021;19/07/2021 14:42;13;Septèmes-les-Vallons;0.0020;Involontaire (particulier);-
2021-8693;2021;20/07/2021 15:55;13;Aurons;0.0150;Involontaire (particulier);-
2021-8696;2021;20/07/2021 17:00;13;Aix-en-Provence;0.0300;-;-
2021-8695;2021;20/07/2021 20:38;13;Martigues;0.0020;Malveillance;-
2021-8697;2021;21/07/2021 12:35;13;Aix-en-Provence;0.0050;Involontaire (particulier);-
2021-8698;2021;21/07/2021 18:32;13;Martigues;0.0050;Malveillance;-
2021-8701;2021;22/07/2021 15:24;13;Cabriès;0.0200;Malveillance;-
2021-7319;2021;22/07/2021 15:45;13;Marseille;0.0300;Malveillance;-
2021-8700;2021;22/07/2021 18:19;13;Martigues;0.1100;Malveillance;-
2021-8699;2021;22/07/2021 22:29;13;Martigues;0.0010;Malveillance;-
2021-8702;2021;23/07/2021 04:19;13;Rognac;0.0200;-;-
2021-8707;2021;23/07/2021 05:34;13;Berre-l'Étang;0.0070;Malveillance;-
2021-8709;2021;23/07/2021 21:11;13;Istres;0.0700;Involontaire (particulier);-
2021-8704;2021;23/07/2021 23:12;13;Vauvenargues;0.0020;Involontaire (particulier);-
2021-10399;2021;24/07/2021 00:37;13;Cabriès;0.1000;Malveillance;-
2021-10400;2021;24/07/2021 12:26;13;Plan-de-Cuques;0.0250;-;-
2021-8711;2021;24/07/2021 14:22;13;Lambesc;0.0800;Accidentelle;-
2021-7575;2021;24/07/2021 14:54;13;Marseille;0.3000;Malveillance;-
2021-8720;2021;25/07/2021 00:43;13;Aix-en-Provence;0.0490;-;-
2021-8719;2021;25/07/2021 10:47;13;Martigues;0.0230;Malveillance;-
2021-8717;2021;25/07/2021 15:40;13;Salon-de-Provence;0.3200;Malveillance;-
2021-8725;2021;26/07/2021 13:58;13;Salon-de-Provence;0.0800;Malveillance;-
2021-8728;2021;26/07/2021 15:04;13;Vitrolles;0.0040;Malveillance;-
2021-8733;2021;26/07/2021 15:41;13;Cabriès;1.8800;-;-
2021-8729;2021;26/07/2021 19:39;13;Éguilles;0.0022;-;-
2021-7576;2021;27/07/2021 15:07;13;Marseille;0.1300;Malveillance;-
2021-8736;2021;28/07/2021 15:48;13;Fontvieille;0.0020;Involontaire (particulier);-
2021-8747;2021;28/07/2021 16:28;13;Ensuès-la-Redonne;0.0020;Involontaire (particulier);-
2021-8756;2021;29/07/2021 11:33;13;Saint-Victoret;0.0010;-;-
2021-8750;2021;29/07/2021 12:51;13;Lambesc;0.0300;Involontaire (particulier);-
2021-8755;2021;29/07/2021 13:03;13;Ventabren;0.1900;Involontaire (travaux);-
2021-8752;2021;29/07/2021 23:08;13;Martigues;0.0050;-;-
2021-8754;2021;29/07/2021 23:38;13;La Ciotat;0.0005;Involontaire (particulier);-
2021-8757;2021;30/07/2021 01:58;13;Martigues;0.0050;-;-
2021-8758;2021;30/07/2021 17:09;13;Septèmes-les-Vallons;0.0020;-;-
2021-8763;2021;01/08/2021 03:06;13;Cassis;0.0005;-;-
2021-8762;2021;01/08/2021 18:36;13;Miramas;0.0500;Malveillance;-
2021-8768;2021;02/08/2021 16:33;13;Aix-en-Provence;0.0060;-;-
2021-8766;2021;02/08/2021 16:46;13;Salon-de-Provence;0.1000;Involontaire (particulier);-
2021-8765;2021;02/08/2021 18:21;13;Saint-Chamas;0.0040;-;-
2021-8769;2021;02/08/2021 19:45;13;Miramas;0.0060;Malveillance;-
2021-8767;2021;02/08/2021 20:10;13;Meyrargues;0.0100;-;-
2021-8770;2021;03/08/2021 09:37;13;Aix-en-Provence;0.0003;-;-
2021-8773;2021;05/08/2021 15:01;13;Fuveau;0.0500;Involontaire (particulier);-
2021-8774;2021;06/08/2021 15:31;13;Jouques;0.0010;Involontaire (travaux);-
2021-8776;2021;06/08/2021 17:09;13;Septèmes-les-Vallons;0.0150;Involontaire (particulier);-
2021-8778;2021;07/08/2021 17:54;13;Martigues;0.0030;Involontaire (particulier);-
2021-8777;2021;07/08/2021 22:46;13;Martigues;0.0020;Involontaire (particulier);-
2021-8779;2021;08/08/2021 15:24;13;Martigues;0.0600;Malveillance;-
2021-8780;2021;08/08/2021 21:22;13;Istres;0.0300;Malveillance;-
2021-8786;2021;09/08/2021 13:22;13;Gardanne;0.1400;-;-
2021-8784;2021;09/08/2021 16:24;13;Bouc-Bel-Air;0.9100;Accidentelle;-
2021-8782;2021;09/08/2021 19:11;13;Bouc-Bel-Air;0.0300;Involontaire (particulier);-
2021-8781;2021;09/08/2021 20:25;13;Vitrolles;0.0100;-;-
2021-8785;2021;10/08/2021 18:35;13;Trets;0.0480;Accidentelle;-
2021-8787;2021;11/08/2021 13:59;13;Bouc-Bel-Air;0.0002;Involontaire (travaux);-
2021-8789;2021;11/08/2021 14:50;13;Aubagne;0.0800;Accidentelle;-
2021-8788;2021;11/08/2021 22:49;13;Peypin;0.0010;Involontaire (particulier);-
2021-8790;2021;12/08/2021 01:08;13;Ventabren;0.0020;Involontaire (particulier);-
2021-8792;2021;12/08/2021 15:19;13;Simiane-Collongue;0.0100;Involontaire (travaux);-
2021-8797;2021;13/08/2021 01:40;13;Roquevaire;0.0010;Accidentelle;-
2021-8796;2021;13/08/2021 14:02;13;Rousset;0.0140;Accidentelle;-
2021-8793;2021;13/08/2021 15:29;13;Fos-sur-Mer;0.0200;Accidentelle;-
2021-8795;2021;13/08/2021 18:31;13;Gardanne;0.0410;-;-
2021-8801;2021;14/08/2021 08:24;13;Aix-en-Provence;0.0100;-;-
2021-8800;2021;14/08/2021 18:46;13;Martigues;0.0020;-;-
2021-8798;2021;14/08/2021 19:52;13;Martigues;0.0020;Malveillance;-
2021-8802;2021;14/08/2021 22:27;13;Ceyreste;0.0005;Malveillance;-
2021-8799;2021;14/08/2021 23:11;13;Cabriès;0.0004;-;-
2021-8803;2021;15/08/2021 15:05;13;Cabriès;0.0100;-;-
2021-8809;2021;16/08/2021 11:48;13;Rousset;0.0005;-;-
2021-10401;2021;16/08/2021 11:48;13;Fuveau;0.0005;-;-
2021-8061;2021;16/08/2021 14:47;13;Marseille;3.0100;-;-
2021-8804;2021;16/08/2021 15:15;13;Saint-Rémy-de-Provence;0.0002;-;-
2021-8807;2021;16/08/2021 16:31;13;Fos-sur-Mer;0.0200;Malveillance;-
2021-8062;2021;16/08/2021 17:19;13;Marseille;0.4000;-;-
2021-8810;2021;16/08/2021 19:18;13;Miramas;0.0050;Malveillance;-
2021-8808;2021;16/08/2021 19:46;13;Les Pennes-Mirabeau;0.1200;-;-
2021-8806;2021;16/08/2021 20:59;13;Rognes;0.0800;-;-
2021-8812;2021;17/08/2021 15:41;13;Allauch;0.2261;Involontaire (particulier);-
2021-8811;2021;17/08/2021 19:31;13;Gignac-la-Nerthe;0.0020;Accidentelle;-
2021-10402;2021;18/08/2021 13:43;13;Saint-Estève-Janson;0.0070;-;-
2021-8814;2021;18/08/2021 14:05;13;Le Puy-Sainte-Réparade;0.1600;Involontaire (travaux);-
2021-8813;2021;18/08/2021 14:34;13;Le Tholonet;0.0400;-;-
2021-8815;2021;18/08/2021 18:38;13;Martigues;0.0240;Malveillance;-
2021-8817;2021;18/08/2021 22:56;13;Rognes;0.0900;-;-
2021-8533;2021;19/08/2021 00:08;13;Aix-en-Provence;0.0100;-;-
2021-8818;2021;19/08/2021 16:28;13;Septèmes-les-Vallons;0.0050;Involontaire (particulier);-
2021-8534;2021;20/08/2021 11:46;13;Pélissanne;0.0010;Involontaire (particulier);-
2021-8535;2021;20/08/2021 15:15;13;Allauch;0.0010;-;-
2021-8536;2021;20/08/2021 21:51;13;Arles;0.0010;Involontaire (particulier);-
2021-8537;2021;21/08/2021 17:30;13;Aix-en-Provence;1.0000;Involontaire (particulier);-
2021-8538;2021;22/08/2021 20:31;13;Miramas;0.0200;Malveillance;-
2021-8541;2021;23/08/2021 17:03;13;Jouques;2.1800;-;-
2021-8543;2021;23/08/2021 18:06;13;Saint-Mitre-les-Remparts;0.0200;-;-
2021-8540;2021;23/08/2021 19:08;13;Miramas;0.0080;Malveillance;-
2021-8545;2021;24/08/2021 16:45;13;Saint-Antonin-sur-Bayon;0.0010;Naturelle;-
2021-8546;2021;24/08/2021 22:12;13;Orgon;0.0040;Involontaire (particulier);-
2021-8547;2021;25/08/2021 16:44;13;Miramas;0.0500;Malveillance;-
2021-8549;2021;25/08/2021 20:18;13;Miramas;0.0200;Malveillance;-
2021-8554;2021;27/08/2021 07:21;13;Martigues;0.0010;Malveillance;-
2021-8552;2021;27/08/2021 15:52;13;Rognac;0.0020;Malveillance;-
2021-8561;2021;28/08/2021 05:08;13;Istres;0.1500;Involontaire (particulier);-
2021-8560;2021;28/08/2021 11:38;13;Grans;0.0010;Involontaire (particulier);-
2021-8314;2021;28/08/2021 13:12;13;Marseille;0.2300;-;-
2021-8574;2021;28/08/2021 18:44;13;La Fare-les-Oliviers;0.0400;Involontaire (particulier);-
2021-8575;2021;28/08/2021 18:48;13;Martigues;0.0210;Malveillance;-
2021-8559;2021;28/08/2021 22:16;13;Lançon-Provence;0.0005;Involontaire (particulier);-
2021-8570;2021;29/08/2021 17:36;13;Meyreuil;4.3900;-;-
2021-8577;2021;29/08/2021 17:51;13;Boulbon;0.0300;Involontaire (particulier);-
2021-8565;2021;30/08/2021 12:09;13;Cabriès;0.0050;Involontaire (particulier);-
2021-8567;2021;30/08/2021 15:18;13;Aix-en-Provence;0.0050;Involontaire (travaux);-
2021-8564;2021;01/09/2021 13:46;13;Miramas;0.0050;Malveillance;-
2021-8563;2021;01/09/2021 18:00;13;Allauch;0.3500;-;-
2021-8824;2021;03/09/2021 16:38;13;Lançon-Provence;0.0500;Naturelle;-
2021-8827;2021;04/09/2021 11:19;13;Rognes;0.0010;Involontaire (particulier);-
2021-8826;2021;04/09/2021 16:58;13;Châteaurenard;0.0050;Accidentelle;-
2021-8822;2021;05/09/2021 11:44;13;Martigues;0.0005;Accidentelle;-
2021-8820;2021;06/09/2021 13:54;13;Châteauneuf-les-Martigues;0.0400;Accidentelle;-
2021-8821;2021;06/09/2021 20:14;13;Barbentane;0.0015;Accidentelle;-
2021-8819;2021;07/09/2021 16:47;13;Lamanon;0.1450;Accidentelle;-
2021-10112;2021;10/09/2021 21:07;13;Les Pennes-Mirabeau;0.0100;-;-
2021-10403;2021;12/09/2021 18:47;13;Septèmes-les-Vallons;0.0300;Accidentelle;-
2021-10115;2021;13/09/2021 03:04;13;Le Rove;0.0005;Involontaire (particulier);-
2021-10114;2021;13/09/2021 21:39;13;Martigues;0.0005;-;-
2021-10116;2021;14/09/2021 02:08;13;Gémenos;0.0005;Involontaire (particulier);-
2021-10117;2021;15/09/2021 18:33;13;Mouriès;1.0000;Involontaire (travaux);-
2021-10118;2021;21/09/2021 15:25;13;Coudoux;0.0200;-;-
2021-10119;2021;23/09/2021 11:50;13;Martigues;0.0300;Malveillance;-
2021-10120;2021;25/09/2021 19:00;13;Martigues;0.0100;Malveillance;-
2021-10121;2021;30/09/2021 15:41;13;Noves;0.0200;Accidentelle;-
2021-10122;2021;03/10/2021 21:27;13;Saint-Mitre-les-Remparts;0.0100;Naturelle;-
2021-10123;2021;07/10/2021 08:26;13;Aubagne;0.0300;Accidentelle;-
2021-9480;2021;13/10/2021 10:58;13;Marseille;0.1200;Malveillance;-
2021-10125;2021;14/10/2021 16:53;13;Le Rove;0.0050;-;-
2021-10405;2021;20/10/2021 15:32;13;La Ciotat;0.0500;Involontaire (particulier);-
2021-10404;2021;20/10/2021 20:56;13;Ensuès-la-Redonne;0.0200;Involontaire (particulier);-
2022-15681;2022;12/01/2022 14:35;13;Les Pennes-Mirabeau;0.0600;Involontaire (particulier);-
2022-15792;2022;12/01/2022 14:57;13;Meyreuil;0.0400;Involontaire (particulier);-
2022-19547;2022;13/01/2022 15:29;13;Mallemort;0.0020;Involontaire (particulier);-
2022-19514;2022;17/01/2022 02:37;13;Martigues;0.0020;-;-
2022-19469;2022;20/01/2022 15:41;13;Mallemort;0.0200;-;-
2022-19436;2022;23/01/2022 11:48;13;Cuges-les-Pins;2.0000;Involontaire (particulier);-
2022-19536;2022;23/01/2022 15:32;13;Aix-en-Provence;0.0200;Involontaire (particulier);-
2022-19491;2022;23/01/2022 17:50;13;Saint-Rémy-de-Provence;0.0100;Involontaire (particulier);-
2022-19710;2022;26/01/2022 16:21;13;Aubagne;0.0020;Involontaire (particulier);-
2022-19525;2022;26/01/2022 17:36;13;Saint-Chamas;0.0400;-;-
2022-19480;2022;26/01/2022 17:50;13;Paradou;0.0600;-;-
2022-19447;2022;28/01/2022 17:23;13;Mouriès;0.2000;Accidentelle;-
2022-19503;2022;29/01/2022 15:27;13;Carry-le-Rouet;0.0005;-;-
2022-19458;2022;30/01/2022 11:48;13;Aubagne;0.0050;Involontaire (particulier);-
2022-19591;2022;01/02/2022 17:41;13;Aubagne;0.0020;Involontaire (particulier);-
2022-19558;2022;01/02/2022 18:06;13;Lançon-Provence;2.2600;-;-
2022-19569;2022;02/02/2022 17:11;13;Aix-en-Provence;0.0005;-;-
2022-13918;2022;03/02/2022 12:09;13;Marseille;0.0300;-;-
2022-19580;2022;03/02/2022 18:44;13;Istres;2.5000;-;-
2022-19646;2022;06/02/2022 17:11;13;Lambesc;0.0100;Involontaire (particulier);-
2022-19688;2022;06/02/2022 18:26;13;Le Puy-Sainte-Réparade;0.1000;-;-
2022-19666;2022;07/02/2022 09:48;13;Noves;0.0100;Involontaire (particulier);-
2022-19635;2022;10/02/2022 17:42;13;Saint-Chamas;0.0030;-;-
2022-19655;2022;10/02/2022 22:52;13;Saint-Martin-de-Crau;0.0050;Involontaire (particulier);-
2022-19613;2022;11/02/2022 14:25;13;Peypin;0.0100;Accidentelle;-
2022-19624;2022;11/02/2022 15:51;13;Martigues;0.2000;-;-
2022-19602;2022;12/02/2022 14:08;13;Châteauneuf-le-Rouge;0.0015;Involontaire (particulier);-
2022-19677;2022;13/02/2022 17:21;13;Trets;0.2000;Involontaire (particulier);-
2022-19699;2022;15/02/2022 16:49;13;Cabriès;0.0005;Involontaire (particulier);-
2022-13431;2022;16/02/2022 23:15;13;Gréasque;0.0005;Malveillance;-
2022-13432;2022;17/02/2022 19:15;13;Orgon;0.0040;-;-
2022-13433;2022;18/02/2022 14:28;13;Lambesc;0.0200;-;-
2022-13434;2022;19/02/2022 10:26;13;Jouques;0.0005;-;-
2022-13435;2022;22/02/2022 12:38;13;Saint-Mitre-les-Remparts;0.0050;-;-
2022-13437;2022;23/02/2022 12:35;13;Velaux;0.2000;Involontaire (particulier);-
2022-13438;2022;25/02/2022 10:45;13;La Roque-d'Anthéron;1.0000;Involontaire (travaux);-
2022-13439;2022;25/02/2022 15:16;13;Eyguières;0.0030;Involontaire (travaux);-
2022-13442;2022;26/02/2022 00:26;13;Istres;0.0008;-;-
2022-13440;2022;26/02/2022 12:57;13;Ventabren;0.0060;Involontaire (travaux);-
2022-13441;2022;26/02/2022 13:19;13;Paradou;0.1000;Involontaire (travaux);-
2022-13445;2022;26/02/2022 13:32;13;Vauvenargues;0.0005;Involontaire (particulier);-
2022-13444;2022;26/02/2022 14:04;13;Vitrolles;0.0200;Involontaire (travaux);-
2022-13443;2022;26/02/2022 18:53;13;Trets;0.0100;Involontaire (travaux);-
2022-13450;2022;27/02/2022 15:49;13;Fos-sur-Mer;0.0020;-;-
2022-13451;2022;28/02/2022 16:37;13;Rognes;0.0100;Involontaire (particulier);-
2022-13452;2022;01/03/2022 19:33;13;Mouriès;0.0020;Involontaire (particulier);-
2022-13453;2022;04/03/2022 17:03;13;Le Puy-Sainte-Réparade;0.0050;Involontaire (particulier);-
2022-13454;2022;04/03/2022 17:07;13;Mimet;0.0200;Involontaire (particulier);-
2022-13449;2022;05/03/2022 14:37;13;La Roque-d'Anthéron;0.0100;-;-
2022-13448;2022;06/03/2022 14:53;13;Simiane-Collongue;0.0010;-;-
2022-13446;2022;07/03/2022 15:25;13;Trets;0.1200;-;-
2022-13725;2022;08/03/2022 15:03;13;Lançon-Provence;0.2000;Involontaire (particulier);-
2022-13722;2022;08/03/2022 17:51;13;La Bouilladisse;0.0005;-;-
2022-13724;2022;08/03/2022 18:05;13;Istres;0.2000;Malveillance;-
2022-13727;2022;09/03/2022 09:13;13;Rognes;0.0010;-;-
2022-13729;2022;09/03/2022 14:19;13;Istres;0.0200;Involontaire (particulier);-
2022-13731;2022;12/03/2022 13:03;13;Meyrargues;0.2000;-;-
2022-13732;2022;13/03/2022 04:31;13;Aix-en-Provence;0.2000;-;-
2022-13733;2022;13/03/2022 10:22;13;Aix-en-Provence;0.0400;-;-
2022-13735;2022;14/03/2022 10:17;13;Rognes;0.0100;Involontaire (particulier);-
2022-13736;2022;16/03/2022 18:45;13;Aix-en-Provence;0.0005;-;-
2022-13737;2022;18/03/2022 08:37;13;Les Pennes-Mirabeau;0.0005;-;-
2022-13739;2022;19/03/2022 14:33;13;Le Puy-Sainte-Réparade;0.2000;Involontaire (particulier);-
2022-13738;2022;19/03/2022 14:36;13;Ventabren;0.0150;-;-
2022-13748;2022;20/03/2022 11:30;13;Trets;0.1500;-;-
2022-14246;2022;21/03/2022 16:35;13;Rognes;0.0100;Involontaire (particulier);-
2022-14247;2022;22/03/2022 18:58;13;Cassis;0.5620;Malveillance;-
2022-14249;2022;23/03/2022 12:03;13;Rognes;0.4500;Involontaire (particulier);-
2022-14248;2022;23/03/2022 14:25;13;Les Pennes-Mirabeau;0.2000;Malveillance;-
2022-14251;2022;24/03/2022 06:12;13;Paradou;0.0005;Involontaire (particulier);-
2022-14250;2022;24/03/2022 11:08;13;Martigues;0.1000;Involontaire (particulier);-
2022-14255;2022;24/03/2022 17:03;13;Ensuès-la-Redonne;0.0050;-;-
2022-14254;2022;24/03/2022 17:46;13;Peynier;0.0005;Involontaire (particulier);-
2022-14256;2022;26/03/2022 15:12;13;Aubagne;12.0000;Involontaire (particulier);-
2022-13905;2022;26/03/2022 15:25;13;Marseille;0.3000;-;-
2022-14268;2022;27/03/2022 13:26;13;Fuveau;0.0010;Involontaire (particulier);-
2022-14270;2022;28/03/2022 00:44;13;Les Pennes-Mirabeau;0.0500;Malveillance;-
2022-14269;2022;28/03/2022 16:32;13;Saint-Rémy-de-Provence;0.0200;-;-
2022-14271;2022;28/03/2022 16:51;13;Venelles;0.0200;-;-
2022-14272;2022;28/03/2022 17:37;13;Grans;0.0050;Involontaire (particulier);-
2022-14273;2022;30/03/2022 20:38;13;Lambesc;0.0020;-;-
2022-14276;2022;31/03/2022 16:38;13;Aix-en-Provence;0.0500;Involontaire (particulier);-
2022-14295;2022;01/04/2022 12:30;13;Alleins;0.0010;Involontaire (particulier);-
2022-14298;2022;01/04/2022 12:33;13;Peynier;0.0050;-;-
2022-14297;2022;01/04/2022 19:23;13;Trets;0.0050;-;-
2022-14294;2022;01/04/2022 20:38;13;Grans;0.0400;Involontaire (particulier);-
2022-14299;2022;02/04/2022 22:29;13;Mimet;0.0020;-;-
2022-14300;2022;03/04/2022 00:01;13;Aix-en-Provence;0.3000;Accidentelle;-
2022-14301;2022;03/04/2022 13:41;13;Rognes;0.0010;-;-
2022-14302;2022;03/04/2022 19:19;13;Aix-en-Provence;0.0600;Involontaire (particulier);-
2022-14303;2022;04/04/2022 16:56;13;Gémenos;0.0150;Involontaire (particulier);-
2022-14265;2022;05/04/2022 05:45;13;Lançon-Provence;0.0010;-;-
2022-14264;2022;05/04/2022 14:20;13;Martigues;0.0030;Involontaire (particulier);-
2022-14304;2022;05/04/2022 16:38;13;Grans;0.0100;Involontaire (particulier);-
2022-14260;2022;06/04/2022 12:37;13;Aubagne;0.0010;Involontaire (particulier);-
2022-14261;2022;06/04/2022 15:33;13;Gréasque;0.0020;-;-
2022-14262;2022;06/04/2022 16:37;13;Peyrolles-en-Provence;0.0010;-;-
2022-14259;2022;08/04/2022 18:56;13;Trets;0.0010;-;-
2022-14258;2022;10/04/2022 15:21;13;Fontvieille;0.0250;-;-
2022-14257;2022;10/04/2022 15:51;13;Fuveau;0.1100;Malveillance;-
2022-15183;2022;12/04/2022 12:12;13;Meyrargues;0.0500;-;-
2022-15182;2022;12/04/2022 15:26;13;Miramas;0.0300;-;-
2022-14307;2022;12/04/2022 16:43;13;Marseille;0.2100;-;-
2022-15184;2022;12/04/2022 19:58;13;Lambesc;0.0040;Involontaire (particulier);-
2022-15186;2022;13/04/2022 15:51;13;Vitrolles;0.0200;-;-
2022-15185;2022;13/04/2022 17:48;13;Martigues;0.0020;-;-
2022-15212;2022;14/04/2022 11:24;13;Aix-en-Provence;0.0300;-;-
2022-15209;2022;14/04/2022 12:41;13;Velaux;0.1500;Involontaire (particulier);-
2022-15211;2022;14/04/2022 13:53;13;Roquevaire;0.0200;Involontaire (particulier);-
2022-15219;2022;15/04/2022 17:21;13;Vitrolles;0.0100;-;-
2022-15221;2022;15/04/2022 23:20;13;Septèmes-les-Vallons;0.0800;Involontaire (particulier);-
2022-15224;2022;17/04/2022 10:37;13;Fuveau;0.0010;-;-
2022-15225;2022;17/04/2022 11:46;13;Aix-en-Provence;0.0010;-;-
2022-15222;2022;17/04/2022 13:15;13;Port-de-Bouc;0.0010;-;-
2022-15223;2022;17/04/2022 16:57;13;Gardanne;0.0100;-;-
2022-15226;2022;20/04/2022 13:48;13;Istres;0.0200;-;-
2022-15227;2022;23/04/2022 08:25;13;Fuveau;0.0010;-;-
2022-15228;2022;26/04/2022 16:06;13;Meyrargues;0.0005;-;-
2022-15217;2022;01/05/2022 15:26;13;Vitrolles;0.0020;-;-
2022-15218;2022;01/05/2022 19:03;13;Le Puy-Sainte-Réparade;0.1000;Involontaire (travaux);-
2022-15216;2022;02/05/2022 07:19;13;Roquevaire;0.0020;Accidentelle;-
2022-15214;2022;03/05/2022 18:12;13;Istres;0.0005;-;-
2022-15215;2022;03/05/2022 18:12;13;Istres;0.0020;-;-
2022-15213;2022;04/05/2022 19:26;13;Gardanne;0.0010;-;-
2022-15250;2022;10/05/2022 13:19;13;Ensuès-la-Redonne;0.0150;Involontaire (particulier);-
2022-15252;2022;11/05/2022 13:31;13;Velaux;0.0100;-;-
2022-15251;2022;11/05/2022 15:14;13;Saint-Mitre-les-Remparts;0.0010;-;-
2022-15256;2022;12/05/2022 14:46;13;Aix-en-Provence;1.4400;Accidentelle;-
2022-15255;2022;12/05/2022 16:28;13;Aix-en-Provence;0.0010;-;-
2022-15258;2022;14/05/2022 22:44;13;Martigues;0.0030;Involontaire (particulier);-
2022-15259;2022;15/05/2022 08:16;13;Salon-de-Provence;0.0005;Involontaire (travaux);-
2022-15260;2022;16/05/2022 13:26;13;Istres;4.0000;Accidentelle;-
2022-15264;2022;17/05/2022 12:39;13;Rousset;0.5000;-;-
2022-15263;2022;17/05/2022 13:26;13;Martigues;0.0050;Malveillance;-
2022-15266;2022;18/05/2022 20:55;13;Sausset-les-Pins;0.0020;-;-
2022-15267;2022;19/05/2022 01:29;13;Aix-en-Provence;0.0050;Malveillance;-
2022-15268;2022;19/05/2022 13:48;13;Trets;0.0350;Malveillance;-
2022-15269;2022;19/05/2022 18:19;13;La Roque-d'Anthéron;0.7300;-;-
2022-15270;2022;20/05/2022 12:25;13;Roquefort-la-Bédoule;0.0020;-;-
2022-15273;2022;20/05/2022 13:12;13;Peynier;0.0150;Malveillance;-
2022-15271;2022;20/05/2022 17:36;13;Saint-Victoret;0.0200;-;-
2022-15272;2022;20/05/2022 17:36;13;Ventabren;0.0100;-;-
2022-15274;2022;21/05/2022 06:55;13;Bouc-Bel-Air;0.0030;-;-
2022-15275;2022;21/05/2022 12:42;13;Roquevaire;0.0050;Involontaire (particulier);-
2022-15277;2022;22/05/2022 09:52;13;Trets;0.0005;Involontaire (particulier);-
2022-15278;2022;23/05/2022 15:37;13;Les Pennes-Mirabeau;2.0000;Involontaire (particulier);-
2022-15280;2022;24/05/2022 10:45;13;Lambesc;0.0200;-;-
2022-15279;2022;24/05/2022 16:36;13;Lançon-Provence;0.0150;-;-
2022-15281;2022;25/05/2022 21:46;13;Orgon;0.2000;-;-
2022-15207;2022;26/05/2022 04:43;13;Rognac;0.0600;-;-
2022-15208;2022;27/05/2022 14:41;13;Peyrolles-en-Provence;0.0020;-;-
2022-15206;2022;28/05/2022 09:21;13;Le Rove;0.0005;Involontaire (travaux);-
2022-15205;2022;28/05/2022 16:58;13;Rognac;0.1000;Accidentelle;-
2022-15609;2022;29/05/2022 12:17;13;Lançon-Provence;0.5000;-;-
2022-15202;2022;29/05/2022 13:44;13;Les Pennes-Mirabeau;0.0500;Involontaire (particulier);-
2022-15203;2022;29/05/2022 15:04;13;Ensuès-la-Redonne;0.0100;-;-
2022-15204;2022;29/05/2022 16:35;13;Istres;0.1500;-;-
2022-15200;2022;30/05/2022 07:43;13;Saint-Chamas;0.0050;-;-
2022-15201;2022;30/05/2022 07:43;13;Saint-Chamas;0.0150;-;-
2022-15198;2022;31/05/2022 13:45;13;Auriol;0.0300;Accidentelle;-
2022-15384;2022;31/05/2022 16:58;13;Marseille;0.0800;-;-
2022-15196;2022;01/06/2022 10:40;13;Jouques;0.3000;Involontaire (travaux);-
2022-15197;2022;01/06/2022 15:56;13;Les Pennes-Mirabeau;0.0010;-;-
2022-15195;2022;01/06/2022 16:05;13;Trets;0.1600;Involontaire (travaux);-
2022-15194;2022;04/06/2022 19:08;13;Ensuès-la-Redonne;0.0007;Involontaire (particulier);-
2022-15193;2022;05/06/2022 10:46;13;Septèmes-les-Vallons;0.0020;-;-
2022-15192;2022;05/06/2022 12:23;13;Éguilles;0.0010;Accidentelle;-
2022-15191;2022;05/06/2022 18:23;13;Meyrargues;0.0040;Accidentelle;-
2022-15190;2022;06/06/2022 23:06;13;Septèmes-les-Vallons;0.0100;-;-
2022-15189;2022;07/06/2022 11:10;13;Les Pennes-Mirabeau;0.3000;Involontaire (travaux);-
2022-15188;2022;07/06/2022 14:03;13;Lançon-Provence;0.0300;Involontaire (travaux);-
2022-15187;2022;08/06/2022 12:22;13;Septèmes-les-Vallons;0.0020;Involontaire (particulier);-
2022-15282;2022;08/06/2022 14:29;13;Saint-Mitre-les-Remparts;0.0020;Malveillance;-
2022-15283;2022;08/06/2022 14:47;13;Saint-Mitre-les-Remparts;0.0020;Malveillance;-
2022-15296;2022;09/06/2022 04:04;13;Martigues;0.3500;Accidentelle;-
2022-15295;2022;09/06/2022 05:08;13;Les Pennes-Mirabeau;0.0400;Accidentelle;-
2022-15291;2022;09/06/2022 12:16;13;Lançon-Provence;0.5000;Malveillance;-
2022-15292;2022;09/06/2022 12:32;13;Roquefort-la-Bédoule;0.0007;Involontaire (travaux);-
2022-15293;2022;09/06/2022 12:50;13;Cuges-les-Pins;0.0002;Involontaire (particulier);-
2022-15288;2022;09/06/2022 14:36;13;Vitrolles;7.0000;Malveillance;-
2022-15285;2022;09/06/2022 14:56;13;Cabriès;0.0020;Accidentelle;-
2022-15290;2022;09/06/2022 16:28;13;Grans;5.0000;Involontaire (particulier);-
2022-15286;2022;09/06/2022 17:04;13;Vitrolles;0.0004;Involontaire (travaux);-
2022-15294;2022;09/06/2022 20:40;13;Ceyreste;0.0100;Involontaire (particulier);-
2022-15284;2022;09/06/2022 21:44;13;Aix-en-Provence;1.0000;Involontaire (particulier);-
2022-15289;2022;09/06/2022 23:34;13;Rognac;0.3000;Malveillance;-
2022-15297;2022;10/06/2022 04:04;13;Martigues;0.3500;Accidentelle;-
2022-15299;2022;10/06/2022 05:08;13;Les Pennes-Mirabeau;0.0400;Malveillance;-
2022-15579;2022;10/06/2022 15:23;13;Le Rove;0.0500;Involontaire (particulier);-
2022-15578;2022;10/06/2022 19:17;13;Cabriès;0.0300;Involontaire (particulier);-
2022-15584;2022;11/06/2022 05:51;13;Rognac;0.0010;-;-
2022-15581;2022;11/06/2022 14:24;13;Auriol;0.0100;Involontaire (particulier);-
2022-15580;2022;11/06/2022 15:58;13;Istres;0.0100;Malveillance;-
2022-15585;2022;12/06/2022 15:30;13;Lançon-Provence;2.7000;Involontaire (particulier);-
2022-15582;2022;12/06/2022 15:57;13;Trets;0.0500;Involontaire (travaux);-
2022-15586;2022;12/06/2022 21:30;13;Aix-en-Provence;0.0100;Accidentelle;-
2022-15587;2022;13/06/2022 05:45;13;Rousset;0.0150;Involontaire (particulier);-
2022-15588;2022;13/06/2022 13:35;13;Cabriès;0.0300;-;-
2022-15590;2022;13/06/2022 18:09;13;Lançon-Provence;1.0000;Involontaire (travaux);-
2022-15589;2022;13/06/2022 18:46;13;Peypin;0.0080;-;-
2022-15592;2022;14/06/2022 12:15;13;Fontvieille;0.0100;-;-
2022-15591;2022;14/06/2022 23:05;13;Lançon-Provence;0.0005;Malveillance;-
2022-15593;2022;15/06/2022 13:53;13;Orgon;9.9900;Involontaire (particulier);-
2022-15595;2022;16/06/2022 10:03;13;Puyloubier;0.0100;Involontaire (travaux);-
2022-15596;2022;16/06/2022 13:22;13;Éguilles;4.0000;Involontaire (travaux);-
2022-15597;2022;16/06/2022 23:59;13;Rognac;0.0020;Involontaire (particulier);-
2022-15598;2022;17/06/2022 02:20;13;Le Rove;0.0300;Accidentelle;-
2022-15601;2022;17/06/2022 14:37;13;Lançon-Provence;0.0050;-;-
2022-15608;2022;17/06/2022 14:37;13;Grans;0.0300;Accidentelle;-
2022-15602;2022;18/06/2022 15:37;13;Orgon;2.0000;Involontaire (travaux);-
2022-15604;2022;19/06/2022 02:14;13;Martigues;0.0200;-;-
2022-15603;2022;19/06/2022 23:47;13;Le Rove;0.0010;Accidentelle;-
2022-15678;2022;20/06/2022 13:10;13;Marseille;1.5000;-;-
2022-18811;2022;20/06/2022 14:03;13;Martigues;0.0005;Accidentelle;-
2022-18812;2022;20/06/2022 21:17;13;Aix-en-Provence;0.0010;Malveillance;-
2022-18814;2022;22/06/2022 17:27;13;Salon-de-Provence;0.1500;Involontaire (particulier);-
2022-18817;2022;23/06/2022 23:04;13;Gréasque;0.0002;Involontaire (particulier);-
2022-18818;2022;24/06/2022 03:59;13;Aurons;0.0030;Naturelle;-
2022-18821;2022;25/06/2022 09:37;13;Istres;0.0150;-;-
2022-18822;2022;26/06/2022 02:11;13;Cabriès;0.2000;-;-
2022-18823;2022;27/06/2022 13:40;13;Fuveau;0.0010;Accidentelle;-
2022-18825;2022;27/06/2022 14:01;13;Lançon-Provence;0.0100;Involontaire (travaux);-
2022-18827;2022;27/06/2022 15:47;13;Lançon-Provence;0.0100;Involontaire (travaux);-
2022-18829;2022;28/06/2022 03:43;13;Aix-en-Provence;0.0200;Involontaire (particulier);-
2022-18830;2022;28/06/2022 19:19;13;Vitrolles;0.0400;Accidentelle;-
2022-18832;2022;28/06/2022 22:45;13;Roquevaire;0.0150;Accidentelle;-
2022-18833;2022;29/06/2022 14:14;13;Noves;0.2000;Involontaire (particulier);-
2022-18835;2022;30/06/2022 06:20;13;Charleval;0.2500;Accidentelle;-
2022-18847;2022;01/07/2022 13:12;13;Châteauneuf-les-Martigues;0.0050;Malveillance;-
2022-18841;2022;01/07/2022 13:42;13;Peypin;0.0100;Involontaire (particulier);-
2022-18843;2022;01/07/2022 17:30;13;Aix-en-Provence;0.3000;-;-
2022-18846;2022;01/07/2022 21:28;13;Châteauneuf-les-Martigues;0.0100;Malveillance;-
2022-18851;2022;02/07/2022 07:00;13;Fuveau;0.0100;Accidentelle;-
2022-18855;2022;03/07/2022 00:45;13;Orgon;0.0200;-;-
2022-18853;2022;03/07/2022 01:59;13;Allauch;0.3000;Involontaire (particulier);-
2022-18788;2022;03/07/2022 16:48;13;Velaux;9.5400;Involontaire (particulier);-
2022-18859;2022;04/07/2022 13:23;13;Peypin;0.0050;Involontaire (particulier);-
2022-18857;2022;04/07/2022 16:20;13;Orgon;0.0300;Involontaire (travaux);-
2022-18873;2022;05/07/2022 05:16;13;Gréasque;0.0010;Involontaire (particulier);-
2022-18867;2022;05/07/2022 08:58;13;Lançon-Provence;0.0050;Involontaire (travaux);-
2022-18786;2022;05/07/2022 11:24;13;Aix-en-Provence;0.0300;-;-
2022-18871;2022;05/07/2022 11:41;13;Martigues;0.0500;Malveillance;-
2022-18868;2022;05/07/2022 14:59;13;Les Pennes-Mirabeau;0.8000;Involontaire (particulier);-
2022-18865;2022;05/07/2022 15:32;13;Saint-Marc-Jaumegarde;0.1700;Involontaire (particulier);-
2022-18862;2022;05/07/2022 15:32;13;Saint-Mitre-les-Remparts;0.0700;Involontaire (particulier);-
2022-18869;2022;05/07/2022 16:36;13;Bouc-Bel-Air;0.0300;Accidentelle;-
2022-18870;2022;05/07/2022 17:54;13;Port-de-Bouc;0.0010;Involontaire (particulier);-
2022-18876;2022;06/07/2022 08:08;13;Roquevaire;0.0030;Involontaire (particulier);-
2022-18875;2022;06/07/2022 15:58;13;Fos-sur-Mer;0.0500;Involontaire (particulier);-
2022-18874;2022;06/07/2022 19:57;13;Velaux;0.1000;Accidentelle;-
2022-18877;2022;06/07/2022 20:13;13;Saint-Martin-de-Crau;0.3000;Malveillance;-
2022-18878;2022;06/07/2022 20:15;13;Saint-Martin-de-Crau;0.0200;Malveillance;-
2022-18882;2022;07/07/2022 07:08;13;Saint-Chamas;0.0100;-;-
2022-18884;2022;07/07/2022 07:30;13;Lançon-Provence;0.0005;Involontaire (particulier);-
2022-18881;2022;07/07/2022 14:44;13;Saint-Mitre-les-Remparts;0.0010;Malveillance;-
2022-18790;2022;07/07/2022 15:51;13;Le Puy-Sainte-Réparade;2.3200;-;-
2022-18879;2022;07/07/2022 16:16;13;Fos-sur-Mer;0.1000;-;-
2022-18886;2022;07/07/2022 16:17;13;Fos-sur-Mer;0.0100;-;-
2022-18889;2022;07/07/2022 16:41;13;Martigues;0.0002;-;-
2022-18888;2022;07/07/2022 16:55;13;Istres;0.2000;Accidentelle;-
2022-18880;2022;07/07/2022 17:52;13;Vitrolles;0.0020;-;-
2022-18885;2022;07/07/2022 19:50;13;Martigues;0.0020;-;-
2022-18887;2022;07/07/2022 21:10;13;Istres;0.0002;-;-
2022-18890;2022;08/07/2022 02:26;13;Cabriès;0.3000;-;-
2022-18791;2022;08/07/2022 02:26;13;Saint-Mitre-les-Remparts;24.8600;Malveillance;-
2022-18891;2022;08/07/2022 11:14;13;Maussane-les-Alpilles;0.0002;Involontaire (particulier);-
2022-18789;2022;08/07/2022 16:18;13;Martigues;8.3100;Involontaire (particulier);-
2022-18893;2022;08/07/2022 17:29;13;Septèmes-les-Vallons;0.0500;-;-
2022-18892;2022;08/07/2022 22:32;13;Aix-en-Provence;0.0020;-;-
2022-18897;2022;09/07/2022 14:45;13;Lançon-Provence;0.0030;-;-
2022-18895;2022;09/07/2022 18:22;13;Martigues;0.0003;-;-
2022-18896;2022;09/07/2022 18:56;13;Martigues;0.0010;-;-
2022-18898;2022;10/07/2022 16:06;13;Maussane-les-Alpilles;0.2500;Involontaire (particulier);-
2022-18899;2022;11/07/2022 17:05;13;Le Rove;0.3500;Malveillance;-
2022-18901;2022;12/07/2022 12:17;13;Aubagne;0.0060;-;-
2022-18902;2022;12/07/2022 14:08;13;Martigues;0.0004;Involontaire (travaux);-
2022-18900;2022;12/07/2022 14:11;13;Auriol;0.0300;Involontaire (travaux);-
2022-18903;2022;13/07/2022 01:30;13;Le Rove;0.0050;Involontaire (particulier);-
2022-18904;2022;13/07/2022 05:30;13;Septèmes-les-Vallons;0.0100;-;-
2022-18906;2022;13/07/2022 11:37;13;Trets;0.4000;Involontaire (travaux);-
2022-18787;2022;14/07/2022 16:16;13;Graveson;1,451.5300;Accidentelle;-
2022-18907;2022;14/07/2022 23:36;13;Les Pennes-Mirabeau;0.0300;Involontaire (particulier);-
2022-19040;2022;15/07/2022 03:08;13;Cabriès;0.0400;-;-
2022-19042;2022;15/07/2022 16:52;13;Aubagne;0.4000;-;-
2022-19039;2022;15/07/2022 22:37;13;Barbentane;0.1000;Accidentelle;-
2022-19041;2022;15/07/2022 23:36;13;Martigues;0.0005;Involontaire (particulier);-
2022-19043;2022;16/07/2022 20:51;13;Ceyreste;0.0002;-;-
2022-19044;2022;17/07/2022 19:54;13;Vitrolles;0.0030;-;-
2022-19046;2022;17/07/2022 20:26;13;Le Rove;0.0002;Malveillance;-
2022-19045;2022;17/07/2022 21:30;13;Fuveau;0.0002;-;-
2022-19051;2022;18/07/2022 12:54;13;Jouques;0.0050;-;-
2022-19050;2022;18/07/2022 14:35;13;Grans;0.0100;-;-
2022-19048;2022;18/07/2022 18:27;13;Aix-en-Provence;0.0002;-;-
2022-19047;2022;18/07/2022 18:44;13;Coudoux;0.0010;Involontaire (particulier);-
2022-19054;2022;19/07/2022 02:49;13;Ventabren;0.0100;-;-
2022-19053;2022;19/07/2022 12:20;13;Martigues;0.0015;-;-
2022-19056;2022;19/07/2022 14:08;13;Jouques;0.1000;-;-
2022-19066;2022;20/07/2022 01:03;13;Sausset-les-Pins;0.0100;-;-
2022-19059;2022;20/07/2022 16:14;13;Martigues;0.0500;Malveillance;-
2022-19065;2022;20/07/2022 17:10;13;Vauvenargues;0.0050;-;-
2022-19063;2022;20/07/2022 23:25;13;Martigues;0.0100;Malveillance;-
2022-19069;2022;21/07/2022 13:43;13;Aix-en-Provence;0.0478;-;-
2022-19070;2022;21/07/2022 15:59;13;Le Tholonet;0.0160;Involontaire (particulier);-
2022-19090;2022;22/07/2022 07:22;13;Bouc-Bel-Air;0.0020;-;-
2022-19095;2022;22/07/2022 12:38;13;Septèmes-les-Vallons;0.3500;Malveillance;-
2022-19093;2022;22/07/2022 13:01;13;Les Pennes-Mirabeau;0.0500;Involontaire (particulier);-
2022-19091;2022;22/07/2022 17:18;13;Châteauneuf-les-Martigues;0.0050;Involontaire (particulier);-
2022-19096;2022;23/07/2022 01:39;13;Saint-Mitre-les-Remparts;0.0010;Malveillance;-
2022-19097;2022;24/07/2022 07:11;13;Meyreuil;0.0005;-;-
2022-19098;2022;25/07/2022 11:24;13;Roquevaire;0.0400;Involontaire (particulier);-
2022-19100;2022;25/07/2022 12:05;13;La Roque-d'Anthéron;0.0405;-;-
2022-19099;2022;25/07/2022 17:09;13;Meyreuil;0.0100;-;-
2022-19102;2022;25/07/2022 22:27;13;La Fare-les-Oliviers;0.4000;Accidentelle;-
2022-19101;2022;25/07/2022 22:30;13;La Fare-les-Oliviers;0.3000;Accidentelle;-
2022-19103;2022;25/07/2022 23:15;13;Velaux;0.0800;Accidentelle;-
2022-19104;2022;26/07/2022 01:33;13;La Fare-les-Oliviers;0.2000;Accidentelle;-
2022-19106;2022;26/07/2022 13:43;13;Aix-en-Provence;0.0500;Involontaire (particulier);-
2022-19109;2022;26/07/2022 17:14;13;Éguilles;0.0200;-;-
2022-19107;2022;26/07/2022 18:22;13;Septèmes-les-Vallons;0.0100;-;-
2022-19108;2022;26/07/2022 18:32;13;Coudoux;0.0500;Involontaire (particulier);-
2022-19111;2022;27/07/2022 00:13;13;Saint-Mitre-les-Remparts;0.0100;Malveillance;-
2022-19110;2022;27/07/2022 09:26;13;Fuveau;0.0100;-;-
2022-19112;2022;27/07/2022 15:32;13;Cassis;0.2900;Involontaire (particulier);-
2022-19113;2022;27/07/2022 20:48;13;Châteauneuf-les-Martigues;0.0005;-;-
2022-19114;2022;28/07/2022 15:48;13;Aix-en-Provence;0.0400;-;-
2022-19115;2022;28/07/2022 16:20;13;Lançon-Provence;0.0200;Accidentelle;-
2022-19117;2022;30/07/2022 05:39;13;Rognac;0.0005;-;-
2022-19119;2022;30/07/2022 06:05;13;Aubagne;0.0005;-;-
2022-19120;2022;30/07/2022 14:33;13;Simiane-Collongue;0.4500;-;-
2022-19118;2022;30/07/2022 17:30;13;Martigues;0.5536;Malveillance;-
2022-18924;2022;31/07/2022 00:21;13;Martigues;0.5000;Accidentelle;-
2022-18921;2022;31/07/2022 02:12;13;Fos-sur-Mer;0.0005;-;-
2022-18925;2022;31/07/2022 03:37;13;Jouques;0.0020;Malveillance;-
2022-18792;2022;31/07/2022 16:15;13;Septèmes-les-Vallons;34.9990;Accidentelle;-
2022-18799;2022;31/07/2022 17:38;13;Les Pennes-Mirabeau;1.0000;Involontaire (particulier);-
2022-18922;2022;31/07/2022 18:11;13;Les Pennes-Mirabeau;0.0035;Involontaire (particulier);-
2022-18919;2022;31/07/2022 21:36;13;Cabriès;0.0100;Accidentelle;-
2022-18911;2022;01/08/2022 19:33;13;Maussane-les-Alpilles;0.0005;Involontaire (particulier);-
2022-18912;2022;02/08/2022 15:39;13;Miramas;0.0150;-;-
2022-18794;2022;02/08/2022 16:15;13;Cabriès;5.0000;Accidentelle;-
2022-18908;2022;02/08/2022 16:37;13;Gardanne;0.0250;Involontaire (travaux);-
2022-18909;2022;02/08/2022 17:29;13;Gémenos;0.0020;Involontaire (particulier);-
2022-18910;2022;03/08/2022 12:22;13;Eygalières;0.0500;Involontaire (travaux);-
2022-18795;2022;03/08/2022 16:51;13;Lambesc;1.7300;Involontaire (particulier);-
2022-18928;2022;04/08/2022 15:20;13;Pélissanne;0.0010;-;-
2022-18930;2022;04/08/2022 15:49;13;Peypin;0.0015;-;-
2022-18931;2022;05/08/2022 14:52;13;Aix-en-Provence;0.0010;-;-
2022-18932;2022;05/08/2022 20:48;13;Lançon-Provence;0.2993;Accidentelle;-
2022-18939;2022;06/08/2022 00:15;13;Salon-de-Provence;0.0100;-;-
2022-18937;2022;06/08/2022 16:43;13;Eyguières;0.0200;-;-
2022-18934;2022;06/08/2022 19:36;13;Aubagne;0.0150;Malveillance;-
2022-18936;2022;06/08/2022 21:45;13;Orgon;0.0150;Accidentelle;-
2022-18940;2022;06/08/2022 21:54;13;Septèmes-les-Vallons;0.0030;-;-
2022-18941;2022;10/08/2022 03:47;13;Salon-de-Provence;0.0040;-;-
2022-18796;2022;11/08/2022 14:45;13;Auriol;3.0000;Naturelle;-
2022-18943;2022;12/08/2022 04:47;13;Salon-de-Provence;0.0200;Accidentelle;-
2022-18944;2022;12/08/2022 14:56;13;Fuveau;0.0100;Accidentelle;-
2022-18942;2022;12/08/2022 16:58;13;Salon-de-Provence;0.0050;Accidentelle;-
2022-18945;2022;13/08/2022 16:04;13;Graveson;0.0002;-;-
2022-18946;2022;13/08/2022 23:31;13;Saint-Rémy-de-Provence;0.0003;-;-
2022-18947;2022;14/08/2022 12:01;13;Aurons;0.0030;Naturelle;-
2022-18948;2022;14/08/2022 14:18;13;Puyloubier;0.0010;Naturelle;-
2022-18952;2022;15/08/2022 03:38;13;La Ciotat;0.0002;Accidentelle;-
2022-18955;2022;17/08/2022 00:18;13;Tarascon;0.0120;Naturelle;-
2022-18954;2022;17/08/2022 06:29;13;Aubagne;0.0002;-;-
2022-18953;2022;17/08/2022 16:13;13;Saint-Étienne-du-Grès;0.0004;Naturelle;-
2022-18956;2022;18/08/2022 13:17;13;La Destrousse;0.0002;-;-
2022-18957;2022;19/08/2022 14:53;13;Rognac;0.0002;-;-
2022-18958;2022;20/08/2022 15:17;13;Lançon-Provence;0.0010;-;-
2022-18959;2022;21/08/2022 23:37;13;Cabriès;0.0200;-;-
2022-18797;2022;22/08/2022 15:53;13;Saint-Martin-de-Crau;94.8280;Malveillance;-
2022-18963;2022;23/08/2022 16:52;13;Septèmes-les-Vallons;0.0050;Accidentelle;-
2022-18960;2022;23/08/2022 18:31;13;Cassis;0.0002;-;-
2022-18962;2022;23/08/2022 19:19;13;Venelles;0.0010;-;-
2022-18964;2022;24/08/2022 20:13;13;Cabriès;0.0002;-;-
2022-18798;2022;25/08/2022 15:20;13;Auriol;2.4800;Involontaire (travaux);-
2022-18965;2022;31/08/2022 11:23;13;Martigues;0.0020;-;-
2022-18682;2022;31/08/2022 17:50;13;Marseille;0.0150;-;-
2022-18967;2022;01/09/2022 11:40;13;Fuveau;0.0500;Malveillance;-
2022-18966;2022;01/09/2022 22:03;13;Trets;0.0300;-;-
2022-18970;2022;02/09/2022 15:37;13;Saint-Rémy-de-Provence;0.0100;Naturelle;-
2022-18968;2022;02/09/2022 16:22;13;Gardanne;0.0010;Naturelle;-
2022-18969;2022;02/09/2022 17:00;13;Meyreuil;0.0010;Naturelle;-
2022-18973;2022;03/09/2022 12:42;13;Meyreuil;0.0004;Involontaire (particulier);-
2022-18971;2022;03/09/2022 16:34;13;Saint-Mitre-les-Remparts;0.0070;Naturelle;-
2022-18974;2022;07/09/2022 16:10;13;Maussane-les-Alpilles;0.0010;Naturelle;-
2022-18975;2022;08/09/2022 18:05;13;Châteauneuf-le-Rouge;0.0100;Accidentelle;-
2022-18976;2022;08/09/2022 18:20;13;Trets;0.0400;Accidentelle;-
2022-18977;2022;08/09/2022 18:35;13;Rousset;0.1500;Accidentelle;-
2022-18978;2022;08/09/2022 18:45;13;Châteauneuf-le-Rouge;0.1000;Accidentelle;-
2022-19037;2022;10/09/2022 12:12;13;Le Rove;0.0010;-;-
2022-19694;2022;17/09/2022 04:32;13;Le Rove;0.0010;-;-
2022-19695;2022;17/09/2022 15:23;13;Venelles;0.5000;Involontaire (travaux);-
2022-19696;2022;17/09/2022 17:06;13;La Fare-les-Oliviers;0.1100;-;-
2022-19697;2022;18/09/2022 11:23;13;Martigues;0.0004;Malveillance;-
2022-19700;2022;18/09/2022 15:52;13;Fos-sur-Mer;0.0300;Malveillance;-
2022-19698;2022;18/09/2022 18:56;13;Fos-sur-Mer;0.0004;Malveillance;-
2022-19701;2022;19/09/2022 07:47;13;Martigues;0.0010;Malveillance;-
2022-19702;2022;19/09/2022 15:50;13;La Bouilladisse;0.0030;-;-
2022-19703;2022;19/09/2022 16:14;13;Martigues;0.1500;Involontaire (particulier);-
2022-19704;2022;19/09/2022 16:44;13;Martigues;0.0004;Involontaire (particulier);-
2022-19705;2022;19/09/2022 20:39;13;Martigues;0.0400;-;-
2022-19707;2022;21/09/2022 14:10;13;Fos-sur-Mer;0.0050;Malveillance;-
2022-19711;2022;22/09/2022 06:57;13;Martigues;0.0300;Malveillance;-
2022-19714;2022;23/09/2022 07:51;13;Martigues;0.0050;Malveillance;-
2022-19713;2022;27/09/2022 05:29;13;Martigues;0.0060;Malveillance;-
2022-19715;2022;27/09/2022 09:13;13;Martigues;0.0010;Malveillance;-
2022-19716;2022;29/09/2022 11:01;13;Cuges-les-Pins;0.0500;Involontaire (travaux);-
2022-19717;2022;30/09/2022 07:34;13;Martigues;0.0300;Malveillance;-
2022-19718;2022;30/09/2022 14:34;13;Auriol;0.0030;Involontaire (particulier);-
2022-19725;2022;01/10/2022 14:16;13;Cuges-les-Pins;0.0050;Involontaire (travaux);-
2022-19728;2022;03/10/2022 05:07;13;Les Pennes-Mirabeau;0.0500;-;-
2022-19729;2022;06/10/2022 05:50;13;La Ciotat;0.0200;Involontaire (particulier);-
2022-19734;2022;12/10/2022 18:15;13;Miramas;0.0100;Malveillance;-
2022-19731;2022;12/10/2022 22:57;13;Istres;0.0100;-;-
2022-19719;2022;18/10/2022 16:29;13;Rousset;0.5000;Involontaire (particulier);-
2022-19922;2022;21/10/2022 01:22;13;Rognac;0.0030;Malveillance;-
2022-19921;2022;21/10/2022 02:33;13;Velaux;0.0050;Malveillance;-
2022-19925;2022;22/10/2022 14:35;13;Cuges-les-Pins;0.0006;Involontaire (particulier);-
2022-19923;2022;22/10/2022 15:28;13;Rognes;0.0050;Involontaire (particulier);-
2022-19927;2022;25/10/2022 16:49;13;Saint-Mitre-les-Remparts;0.0300;-;-
2022-19929;2022;26/10/2022 12:07;13;Puyloubier;1.5000;Involontaire (travaux);-
2022-19931;2022;31/10/2022 17:53;13;Rognes;0.0050;Involontaire (particulier);-
2022-19933;2022;01/11/2022 15:09;13;Aubagne;0.0350;Naturelle;-
2022-19935;2022;02/11/2022 15:22;13;Martigues;0.0010;Involontaire (particulier);-
2022-20004;2022;06/11/2022 13:41;13;Port-de-Bouc;0.0300;Malveillance;-
2022-21278;2022;20/11/2022 10:30;13;La Ciotat;0.0020;-;-
2022-21279;2022;11/12/2022 17:07;13;Salon-de-Provence;0.0002;-;-
2023-1270;2023;05/01/2023 16:55;13;Septèmes-les-Vallons;0.1000;Accidentelle;-
2023-1271;2023;06/01/2023 20:15;13;Cassis;0.0020;Accidentelle;-
2023-1272;2023;20/01/2023 17:03;13;Le Puy-Sainte-Réparade;0.0015;Involontaire (particulier);-
2023-1273;2023;23/01/2023 16:10;13;Lambesc;0.0300;-;-
2023-1274;2023;25/01/2023 13:26;13;Istres;0.0060;Accidentelle;-
2023-1275;2023;27/01/2023 18:53;13;Les Pennes-Mirabeau;0.0010;Involontaire (particulier);-
2023-1277;2023;29/01/2023 01:05;13;Cassis;0.0010;Involontaire (particulier);-
2023-1276;2023;29/01/2023 16:20;13;Fuveau;0.0030;Involontaire (particulier);-
2023-1279;2023;31/01/2023 07:04;13;Rognes;0.0200;Involontaire (particulier);-
2023-1278;2023;31/01/2023 20:54;13;Gardanne;0.0100;-;-
2023-1280;2023;03/02/2023 13:57;13;Ventabren;0.0200;-;-
2023-1282;2023;04/02/2023 05:32;13;Mouriès;95.4400;Accidentelle;-
2023-1281;2023;04/02/2023 13:58;13;Allauch;0.0010;Involontaire (particulier);-
2023-1283;2023;05/02/2023 12:17;13;Saint-Rémy-de-Provence;0.0100;Accidentelle;-
2023-1284;2023;06/02/2023 17:32;13;Tarascon;0.0030;Involontaire (particulier);-
2023-1285;2023;06/02/2023 22:28;13;Trets;0.0300;Involontaire (particulier);-
2023-1286;2023;08/02/2023 10:18;13;Martigues;0.0002;Malveillance;-
2023-1287;2023;10/02/2023 10:18;13;Roquevaire;0.0200;Involontaire (particulier);-
2023-1289;2023;11/02/2023 10:32;13;Cornillon-Confoux;0.0200;Involontaire (particulier);-
2023-1288;2023;11/02/2023 19:02;13;Miramas;0.0050;-;-
2023-1290;2023;12/02/2023 09:54;13;Istres;0.0020;Involontaire (particulier);-
2023-1291;2023;16/02/2023 12:52;13;Auriol;0.0200;Involontaire (particulier);-
2023-1309;2023;17/02/2023 19:52;13;Istres;0.0200;Malveillance;-
2023-1292;2023;18/02/2023 16:44;13;Martigues;0.0100;-;-
2023-253;2023;19/02/2023 15:42;13;Marseille;0.0015;Involontaire (particulier);-
2023-1295;2023;23/02/2023 18:33;13;Salon-de-Provence;0.0010;-;-
2023-934;2023;25/02/2023 14:22;13;Marseille;0.0001;Involontaire (particulier);-
2023-1298;2023;28/02/2023 17:15;13;Ventabren;0.0010;Involontaire (particulier);-
2023-1299;2023;03/03/2023 14:27;13;Peynier;0.0060;Involontaire (particulier);-
2023-1300;2023;07/03/2023 13:15;13;Gardanne;0.1000;-;-
2023-1301;2023;12/03/2023 15:31;13;Roquevaire;0.0200;Involontaire (particulier);-
2023-1302;2023;12/03/2023 20:04;13;Rognes;0.0050;Involontaire (particulier);-
2023-1303;2023;14/03/2023 15:49;13;Fontvieille;0.0300;-;-
2023-1306;2023;16/03/2023 13:06;13;Saint-Savournin;0.1000;Involontaire (particulier);-
2023-1307;2023;16/03/2023 15:02;13;Auriol;0.0010;Involontaire (particulier);-
2023-1305;2023;16/03/2023 16:32;13;Cornillon-Confoux;0.0010;-;-
2023-1308;2023;16/03/2023 18:32;13;Auriol;0.0200;-;-
2023-1310;2023;17/03/2023 03:49;13;Ceyreste;0.0200;Involontaire (particulier);-
2023-1311;2023;17/03/2023 04:46;13;Châteauneuf-les-Martigues;0.0010;-;-
2023-1313;2023;20/03/2023 14:04;13;Maussane-les-Alpilles;0.0010;Involontaire (particulier);-
2023-1314;2023;22/03/2023 14:13;13;Saint-Cannat;0.1000;Involontaire (particulier);-
2023-1315;2023;24/03/2023 12:25;13;Fos-sur-Mer;0.0200;Involontaire (particulier);-
2023-1316;2023;26/03/2023 10:51;13;Fos-sur-Mer;0.0050;Involontaire (particulier);-
2023-1317;2023;27/03/2023 18:46;13;Gréasque;0.0100;Involontaire (particulier);-
2023-1318;2023;29/03/2023 13:17;13;Saint-Chamas;0.0100;Involontaire (particulier);-
2023-1319;2023;29/03/2023 22:13;13;Mimet;0.0020;Involontaire (particulier);-
2023-1320;2023;30/03/2023 13:36;13;Auriol;0.0100;Involontaire (particulier);-
2023-1321;2023;31/03/2023 18:34;13;Saint-Mitre-les-Remparts;0.1000;Malveillance;-
2023-1322;2023;02/04/2023 16:15;13;Bouc-Bel-Air;0.0010;Involontaire (particulier);-
2023-1324;2023;02/04/2023 17:01;13;Allauch;0.0060;Accidentelle;-
2023-1323;2023;02/04/2023 17:25;13;Le Tholonet;0.0400;Involontaire (particulier);-
2023-1611;2023;06/04/2023 14:37;13;Mouriès;0.4300;-;-
2023-1612;2023;08/04/2023 10:58;13;Mimet;0.0020;Involontaire (particulier);-
2023-1613;2023;09/04/2023 02:48;13;Meyreuil;0.0100;Involontaire (particulier);-
2023-1614;2023;09/04/2023 07:11;13;La Fare-les-Oliviers;0.0020;Involontaire (particulier);-
2023-1615;2023;09/04/2023 17:16;13;Fos-sur-Mer;0.0200;Malveillance;-
2023-1616;2023;10/04/2023 08:21;13;Aix-en-Provence;0.0800;Involontaire (particulier);-
2023-1617;2023;10/04/2023 15:56;13;Fos-sur-Mer;0.0001;Malveillance;-
2023-1619;2023;10/04/2023 21:16;13;Les Pennes-Mirabeau;0.0010;Involontaire (particulier);-
2023-1620;2023;13/04/2023 16:56;13;Lambesc;0.0200;Involontaire (particulier);-
2023-1622;2023;15/04/2023 14:06;13;Fontvieille;0.0015;Accidentelle;-
2023-1623;2023;15/04/2023 15:14;13;Fos-sur-Mer;0.1500;Accidentelle;-
2023-1814;2023;15/04/2023 16:43;13;Marseille;0.4000;-;-
2023-1624;2023;16/04/2023 17:55;13;Fos-sur-Mer;0.0010;Malveillance;-
2023-1625;2023;17/04/2023 16:33;13;Aix-en-Provence;0.0015;Involontaire (particulier);-
2023-4713;2023;18/04/2023 07:51;13;Miramas;0.0005;-;-
2023-1626;2023;18/04/2023 07:51;13;Miramas;0.0005;-;-
2023-4715;2023;18/04/2023 17:15;13;Grans;0.0200;Malveillance;-
2023-4718;2023;19/04/2023 18:55;13;Boulbon;0.1500;Involontaire (particulier);-
2023-4719;2023;21/04/2023 17:30;13;Lamanon;0.0100;Involontaire (particulier);-
2023-4720;2023;22/04/2023 12:17;13;Châteauneuf-les-Martigues;0.0010;Involontaire (particulier);-
2023-4721;2023;24/04/2023 23:30;13;Istres;0.1000;Involontaire (particulier);-
2023-4722;2023;25/04/2023 12:36;13;Rognac;0.0010;Involontaire (particulier);-
2023-4724;2023;25/04/2023 15:43;13;Aix-en-Provence;0.0200;Involontaire (particulier);-
2023-4734;2023;26/04/2023 10:03;13;Gardanne;0.0030;Involontaire (particulier);-
2023-4738;2023;27/04/2023 11:27;13;Trets;0.0100;Involontaire (particulier);-
2023-4740;2023;28/04/2023 17:26;13;Rousset;0.0300;-;-
2023-4745;2023;29/04/2023 07:10;13;Coudoux;0.0020;Involontaire (particulier);-
2023-4750;2023;01/05/2023 18:04;13;Saint-Cannat;0.0010;-;-
2023-4748;2023;01/05/2023 19:47;13;Châteaurenard;0.0500;-;-
2023-4752;2023;03/05/2023 13:05;13;Les Pennes-Mirabeau;4.3400;Involontaire (particulier);-
2023-4751;2023;03/05/2023 15:49;13;Allauch;0.0500;Involontaire (particulier);-
2023-4754;2023;04/05/2023 02:45;13;Aix-en-Provence;0.0040;Involontaire (particulier);-
2023-4756;2023;04/05/2023 23:19;13;La Ciotat;0.0010;-;-
2023-4757;2023;06/05/2023 14:25;13;Les Pennes-Mirabeau;0.5000;Involontaire (travaux);-
2023-4768;2023;07/05/2023 16:27;13;Roquevaire;0.0010;Involontaire (particulier);-
2023-4761;2023;07/05/2023 19:11;13;Miramas;0.0010;Malveillance;-
2023-4765;2023;07/05/2023 21:34;13;Éguilles;0.2400;Malveillance;-
2023-4778;2023;08/05/2023 08:50;13;Istres;0.0005;Malveillance;-
2023-4772;2023;08/05/2023 14:05;13;Aubagne;0.1000;Involontaire (particulier);-
2023-4781;2023;08/05/2023 14:42;13;Velaux;0.0250;Involontaire (particulier);-
2023-4783;2023;09/05/2023 19:20;13;Sénas;0.0010;Involontaire (particulier);-
2023-4785;2023;10/05/2023 14:45;13;Les Pennes-Mirabeau;0.0300;Involontaire (particulier);-
2023-4789;2023;11/05/2023 12:37;13;Allauch;0.0050;Involontaire (particulier);-
2023-4792;2023;11/05/2023 22:59;13;Fos-sur-Mer;0.0100;Involontaire (particulier);-
2023-4798;2023;13/05/2023 10:13;13;Aubagne;0.0030;Involontaire (particulier);-
2023-4803;2023;15/05/2023 16:30;13;Saint-Rémy-de-Provence;0.2000;Accidentelle;-
2023-4807;2023;18/05/2023 21:57;13;Istres;0.0005;Involontaire (particulier);-
2023-4810;2023;28/05/2023 16:08;13;Aix-en-Provence;0.0100;Involontaire (particulier);-
2023-4814;2023;28/05/2023 21:18;13;Aix-en-Provence;0.0010;Malveillance;-
2023-4818;2023;29/05/2023 11:44;13;Martigues;0.0005;Involontaire (particulier);-
2023-4822;2023;31/05/2023 18:31;13;Istres;0.0200;Malveillance;-
2023-5010;2023;09/06/2023 14:37;13;Aix-en-Provence;0.0250;Involontaire (particulier);-
2023-4824;2023;11/06/2023 15:39;13;Cassis;0.0020;Involontaire (particulier);-
2023-4828;2023;16/06/2023 19:07;13;Lambesc;0.0010;Involontaire (particulier);-
2023-4837;2023;23/06/2023 14:37;13;Pélissanne;0.8000;Involontaire (travaux);-
2023-4836;2023;23/06/2023 15:35;13;Sausset-les-Pins;0.0005;-;-
2023-4835;2023;23/06/2023 17:30;13;Saint-Cannat;0.0030;-;-
2023-4840;2023;25/06/2023 16:34;13;Salon-de-Provence;0.0300;Malveillance;-
2023-4844;2023;26/06/2023 04:44;13;Tarascon;0.0300;Involontaire (particulier);-
2023-4841;2023;26/06/2023 11:15;13;Les Pennes-Mirabeau;0.0020;Involontaire (travaux);-
2023-4847;2023;27/06/2023 12:45;13;Berre-l'Étang;1.0000;Involontaire (particulier);-
2023-4852;2023;27/06/2023 18:44;13;Fos-sur-Mer;1.0000;Accidentelle;-
2023-4855;2023;28/06/2023 14:22;13;Roquevaire;0.0200;Involontaire (particulier);-
2023-4859;2023;29/06/2023 00:21;13;Ensuès-la-Redonne;0.0300;Malveillance;-
2023-4865;2023;29/06/2023 23:40;13;Miramas;0.0800;Malveillance;-
2023-4894;2023;02/07/2023 00:04;13;Roquefort-la-Bédoule;0.0010;Involontaire (particulier);-
2023-4873;2023;02/07/2023 07:20;13;Miramas;0.0005;Malveillance;-
2023-4890;2023;02/07/2023 16:07;13;La Ciotat;0.0150;-;-
2023-21643;2023;02/07/2023 19:35;13;Auriol;0.0300;Accidentelle;-
2023-4870;2023;02/07/2023 21:47;13;Miramas;0.0050;Malveillance;-
2023-4898;2023;03/07/2023 11:58;13;Les Pennes-Mirabeau;0.0010;Involontaire (particulier);-
2023-3965;2023;04/07/2023 13:06;13;Marseille;0.5000;Malveillance;-
2023-4904;2023;04/07/2023 21:37;13;Miramas;0.0030;Malveillance;-
2023-4911;2023;05/07/2023 19:56;13;Gignac-la-Nerthe;0.0200;Involontaire (particulier);-
2023-4906;2023;06/07/2023 16:35;13;Vitrolles;0.0003;Involontaire (particulier);-
2023-4913;2023;07/07/2023 13:10;13;Aix-en-Provence;0.0500;Accidentelle;-
2023-4915;2023;07/07/2023 14:28;13;Roquefort-la-Bédoule;0.0150;Malveillance;-
2023-5009;2023;08/07/2023 14:40;13;Tarascon;0.0200;Accidentelle;-
2023-5007;2023;08/07/2023 18:22;13;Aubagne;0.0020;Involontaire (particulier);-
2023-5013;2023;11/07/2023 16:44;13;Bouc-Bel-Air;0.0005;Accidentelle;-
2023-6623;2023;11/07/2023 21:05;13;Marseille;0.0040;-;-
2023-5017;2023;13/07/2023 16:06;13;Roquefort-la-Bédoule;0.0500;Malveillance;-
2023-5014;2023;13/07/2023 23:16;13;Auriol;0.0005;Involontaire (particulier);-
2023-4669;2023;14/07/2023 19:45;13;Marseille;0.8000;-;-
2023-5018;2023;14/07/2023 22:25;13;Fos-sur-Mer;0.0200;Malveillance;-
2023-4667;2023;14/07/2023 23:29;13;Marseille;0.0020;-;-
2023-4666;2023;15/07/2023 02:43;13;Marseille;0.1000;Involontaire (particulier);-
2023-5022;2023;15/07/2023 14:20;13;Aix-en-Provence;0.8600;Involontaire (particulier);-
2023-5021;2023;15/07/2023 20:46;13;Sausset-les-Pins;0.0100;-;-
2023-5027;2023;17/07/2023 00:40;13;Septèmes-les-Vallons;0.0500;Malveillance;-
2023-5026;2023;17/07/2023 12:16;13;Aubagne;0.0100;Involontaire (particulier);-
2023-4672;2023;18/07/2023 17:03;13;Marseille;0.0020;-;-
2023-5028;2023;19/07/2023 12:27;13;Aix-en-Provence;0.5000;Involontaire (travaux);-
2023-5029;2023;19/07/2023 15:21;13;Martigues;0.0010;-;-
2023-5033;2023;20/07/2023 10:52;13;Lançon-Provence;0.0020;Involontaire (particulier);-
2023-5034;2023;20/07/2023 14:54;13;Lambesc;0.0750;Involontaire (travaux);-
2023-5032;2023;20/07/2023 15:15;13;Septèmes-les-Vallons;0.0050;Involontaire (particulier);-
2023-6763;2023;21/07/2023 21:27;13;Martigues;0.0020;Malveillance;-
2023-6765;2023;22/07/2023 15:32;13;Saint-Rémy-de-Provence;0.1000;Involontaire (travaux);-
2023-5753;2023;22/07/2023 16:17;13;Marseille;0.1000;Involontaire (particulier);-
2023-6764;2023;22/07/2023 19:30;13;Septèmes-les-Vallons;0.0002;Malveillance;-
2023-6766;2023;23/07/2023 17:28;13;Istres;0.0005;-;-
2023-6767;2023;24/07/2023 19:05;13;Martigues;0.0300;Malveillance;-
2023-7097;2023;25/07/2023 07:05;13;Marseille;0.0100;-;-
2023-6774;2023;25/07/2023 15:44;13;Saint-Antonin-sur-Bayon;0.0020;Involontaire (particulier);-
2023-6769;2023;25/07/2023 17:30;13;Velaux;1.5500;Accidentelle;-
2023-6772;2023;25/07/2023 18:40;13;Meyrargues;0.0030;-;-
2023-6768;2023;25/07/2023 18:50;13;Velaux;0.0002;Malveillance;-
2023-6771;2023;25/07/2023 22:30;13;Gignac-la-Nerthe;0.0200;-;-
2023-6776;2023;26/07/2023 16:30;13;Les Pennes-Mirabeau;0.3000;-;-
2023-6622;2023;26/07/2023 16:30;13;Marseille;20.0400;-;-
2023-6775;2023;26/07/2023 19:00;13;Gardanne;0.0010;Accidentelle;-
2023-6777;2023;26/07/2023 22:56;13;Trets;0.1200;-;-
2023-6778;2023;27/07/2023 13:15;13;Lançon-Provence;33.8500;Accidentelle;-
2023-8803;2023;29/07/2023 13:55;13;Marseille;0.0010;-;-
2023-6779;2023;30/07/2023 00:16;13;Septèmes-les-Vallons;0.0015;-;-
2023-6784;2023;30/07/2023 12:51;13;Les Pennes-Mirabeau;1.8000;Involontaire (particulier);-
2023-6785;2023;30/07/2023 16:12;13;Istres;0.0200;-;-
2023-6786;2023;30/07/2023 23:10;13;Istres;0.0500;-;-
2023-7098;2023;31/07/2023 04:27;13;Marseille;0.0100;Malveillance;-
2023-6782;2023;31/07/2023 12:12;13;Châteauneuf-le-Rouge;0.9600;Accidentelle;-
2023-6783;2023;31/07/2023 19:25;13;Miramas;0.0050;Malveillance;-
2023-6781;2023;01/08/2023 09:10;13;Gréasque;0.0001;Involontaire (particulier);-
2023-8303;2023;01/08/2023 16:50;13;Marseille;0.0100;-;-
2023-6780;2023;01/08/2023 20:52;13;Septèmes-les-Vallons;0.6000;Involontaire (particulier);-
2023-6787;2023;03/08/2023 21:53;13;Simiane-Collongue;0.0500;-;-
2023-6788;2023;04/08/2023 03:45;13;Fos-sur-Mer;0.0010;-;-
2023-7130;2023;04/08/2023 10:45;13;Marseille;0.1400;-;-
2023-7060;2023;04/08/2023 14:25;13;Fos-sur-Mer;0.0300;-;-
2023-7069;2023;04/08/2023 16:08;13;Istres;1.0000;-;-
2023-7079;2023;04/08/2023 17:33;13;Tarascon;0.3000;-;-
2023-8304;2023;04/08/2023 18:19;13;Marseille;0.3000;-;-
2023-7064;2023;04/08/2023 18:50;13;Meyrargues;0.0050;Malveillance;-
2023-7078;2023;04/08/2023 19:13;13;Venelles;0.0050;Involontaire (particulier);-
2023-7077;2023;04/08/2023 21:05;13;Simiane-Collongue;0.0300;Malveillance;-
2023-7075;2023;04/08/2023 21:22;13;Simiane-Collongue;0.0300;Malveillance;-
2023-7074;2023;04/08/2023 21:44;13;Simiane-Collongue;0.0100;Malveillance;-
2023-7063;2023;04/08/2023 22:31;13;Mimet;0.0002;Malveillance;-
2023-7076;2023;04/08/2023 22:40;13;Simiane-Collongue;0.0200;Malveillance;-
2023-7072;2023;04/08/2023 23:15;13;Gardanne;1.0000;Malveillance;-
2023-7061;2023;05/08/2023 00:16;13;La Bouilladisse;0.0010;Malveillance;-
2023-7082;2023;05/08/2023 09:37;13;Grans;0.7000;Malveillance;-
2023-7081;2023;05/08/2023 10:02;13;Aix-en-Provence;0.0200;-;-
2023-7071;2023;05/08/2023 17:34;13;Istres;0.2000;-;-
2023-7065;2023;05/08/2023 18:45;13;Meyrargues;0.0500;Malveillance;-
2023-7080;2023;05/08/2023 21:44;13;Martigues;0.0100;Malveillance;-
2023-7083;2023;06/08/2023 00:37;13;Cassis;0.0200;-;-
2023-7062;2023;06/08/2023 01:56;13;Aix-en-Provence;3.0000;Involontaire (particulier);-
2023-7068;2023;06/08/2023 15:44;13;Rognac;20.8000;-;-
2023-7084;2023;06/08/2023 16:04;13;Ceyreste;0.0104;Involontaire (particulier);-
2023-7070;2023;06/08/2023 16:14;13;Istres;0.0300;-;-
2023-7066;2023;06/08/2023 18:23;13;Meyrargues;0.0010;Malveillance;-
2023-7085;2023;06/08/2023 22:03;13;Saint-Mitre-les-Remparts;0.0100;Malveillance;-
2023-7086;2023;06/08/2023 22:43;13;Martigues;0.0500;Malveillance;-
2023-7087;2023;07/08/2023 02:09;13;Cassis;0.0200;-;-
2023-7088;2023;07/08/2023 18:45;13;Grans;0.0020;Malveillance;-
2023-7067;2023;08/08/2023 13:03;13;Meyrargues;0.0500;Malveillance;-
2023-7089;2023;08/08/2023 18:45;13;La Ciotat;0.0050;Malveillance;-
2023-7073;2023;08/08/2023 20:45;13;Lambesc;0.0100;Involontaire (particulier);-
2023-8552;2023;10/08/2023 12:38;13;Martigues;0.0050;-;-
2023-8555;2023;12/08/2023 01:25;13;Meyrargues;0.0010;Malveillance;-
2023-8554;2023;12/08/2023 15:08;13;Saint-Cannat;0.0010;Accidentelle;-
2023-8553;2023;12/08/2023 18:51;13;Mimet;0.0005;Involontaire (particulier);-
2023-8556;2023;13/08/2023 17:44;13;Saint-Rémy-de-Provence;0.0100;Involontaire (particulier);-
2023-8558;2023;14/08/2023 16:16;13;Fos-sur-Mer;0.0500;Accidentelle;-
2023-8557;2023;14/08/2023 20:18;13;Martigues;0.0500;-;-
2023-8559;2023;15/08/2023 14:13;13;Venelles;0.0070;Accidentelle;-
2023-8551;2023;15/08/2023 21:47;13;Marseille;0.0020;-;-
2023-8561;2023;16/08/2023 13:36;13;Lançon-Provence;0.0010;Involontaire (travaux);-
2023-8562;2023;16/08/2023 14:41;13;Lançon-Provence;0.0100;Involontaire (travaux);-
2023-8560;2023;16/08/2023 17:02;13;Lançon-Provence;0.0050;Involontaire (travaux);-
2023-8565;2023;18/08/2023 08:30;13;Martigues;0.0005;Malveillance;-
2023-8566;2023;18/08/2023 15:00;13;Velaux;1.1200;Involontaire (particulier);-
2023-8564;2023;18/08/2023 16:10;13;Ensuès-la-Redonne;0.0002;Involontaire (particulier);-
2023-8563;2023;18/08/2023 18:04;13;Châteauneuf-les-Martigues;0.0005;Involontaire (particulier);-
2023-8567;2023;18/08/2023 22:32;13;Le Rove;0.0005;Involontaire (particulier);-
2023-8568;2023;19/08/2023 17:09;13;Istres;0.0030;Involontaire (particulier);-
2023-8570;2023;20/08/2023 08:33;13;Saint-Estève-Janson;0.0010;-;-
2023-8569;2023;20/08/2023 10:28;13;Meyreuil;0.0050;-;-
2023-8571;2023;21/08/2023 10:41;13;Vitrolles;0.0010;Accidentelle;-
2023-8300;2023;21/08/2023 18:18;13;Marseille;0.0200;Involontaire (particulier);-
2023-8302;2023;23/08/2023 00:14;13;Marseille;0.7500;-;-
2023-8574;2023;23/08/2023 14:15;13;Coudoux;1.8000;Involontaire (particulier);-
2023-8576;2023;23/08/2023 14:17;13;Aix-en-Provence;0.3000;Involontaire (particulier);-
2023-8573;2023;23/08/2023 14:53;13;Meyrargues;0.0400;Accidentelle;-
2023-8578;2023;23/08/2023 15:07;13;Ensuès-la-Redonne;0.0005;Involontaire (particulier);-
2023-8577;2023;23/08/2023 15:07;13;Vitrolles;0.0050;Involontaire (particulier);-
2023-8579;2023;23/08/2023 16:15;13;Les Pennes-Mirabeau;0.8800;Accidentelle;-
2023-8572;2023;23/08/2023 23:39;13;Aix-en-Provence;0.0500;Involontaire (particulier);-
2023-8580;2023;24/08/2023 22:05;13;Aubagne;0.0020;Involontaire (particulier);-
2023-8581;2023;25/08/2023 15:10;13;Lançon-Provence;0.0020;Involontaire (travaux);-
2023-8582;2023;25/08/2023 20:44;13;Istres;0.0060;Malveillance;-
2023-8584;2023;27/08/2023 17:19;13;Cornillon-Confoux;0.0005;Involontaire (particulier);-
2023-8583;2023;27/08/2023 21:19;13;Carry-le-Rouet;0.0005;-;-
2023-8585;2023;28/08/2023 17:15;13;Ventabren;0.0010;-;-
2023-8586;2023;28/08/2023 21:54;13;Lançon-Provence;0.0005;-;-
2023-8587;2023;29/08/2023 09:09;13;Ventabren;0.0005;Involontaire (particulier);-
2023-8588;2023;30/08/2023 20:29;13;Gardanne;0.0002;Involontaire (particulier);-
2023-8593;2023;01/09/2023 02:13;13;Fos-sur-Mer;0.0100;Accidentelle;-
2023-8592;2023;01/09/2023 14:57;13;Orgon;0.0400;Involontaire (particulier);-
2023-10069;2023;03/09/2023 21:24;13;Lançon-Provence;0.0050;-;-
2023-8590;2023;04/09/2023 12:05;13;Les Pennes-Mirabeau;0.3000;Accidentelle;-
2023-10070;2023;04/09/2023 12:05;13;Les Pennes-Mirabeau;0.3000;Accidentelle;-
2023-10071;2023;05/09/2023 14:56;13;Saint-Cannat;0.3000;-;-
2023-8589;2023;05/09/2023 15:59;13;Saint-Cannat;0.0300;-;-
2023-9343;2023;06/09/2023 18:06;13;Marseille;0.0010;Involontaire (particulier);-
2023-10072;2023;07/09/2023 14:56;13;Venelles;0.0002;-;-
2023-10073;2023;08/09/2023 11:46;13;La Roque-d'Anthéron;0.0400;Involontaire (particulier);-
2023-10074;2023;12/09/2023 06:03;13;Saint-Mitre-les-Remparts;0.0100;Accidentelle;-
2023-10075;2023;13/09/2023 16:11;13;Cabriès;0.0010;-;-
2023-10076;2023;28/09/2023 14:38;13;Bouc-Bel-Air;0.0600;Involontaire (particulier);-
2023-10077;2023;30/09/2023 20:02;13;Martigues;0.2000;Malveillance;-
2023-10078;2023;01/10/2023 00:17;13;Saint-Chamas;0.0010;-;-
2023-10079;2023;02/10/2023 05:25;13;Eyguières;0.0010;-;-
2023-10080;2023;02/10/2023 07:47;13;Eygalières;0.0010;-;-
2023-10081;2023;04/10/2023 21:18;13;Cassis;0.0200;Involontaire (particulier);-
2023-10393;2023;11/10/2023 03:55;13;Le Rove;0.0010;-;-
2023-10395;2023;13/10/2023 23:06;13;Saint-Savournin;0.0002;-;-
2023-10396;2023;14/10/2023 14:52;13;Saint-Cannat;0.0004;-;-
2023-10397;2023;15/10/2023 17:50;13;Saint-Cannat;0.0050;-;-
2023-10398;2023;16/10/2023 03:34;13;Simiane-Collongue;0.0020;-;-
2023-11402;2023;17/10/2023 10:23;13;Aix-en-Provence;0.0500;-;-
2023-11403;2023;17/10/2023 15:13;13;Trets;0.0200;Involontaire (particulier);-
2023-11404;2023;18/10/2023 08:12;13;Roquefort-la-Bédoule;0.0005;-;-
2023-11414;2023;21/10/2023 14:41;13;Salon-de-Provence;0.0200;Malveillance;-
2023-11415;2023;23/10/2023 16:30;13;Saint-Mitre-les-Remparts;0.0300;Malveillance;-
2023-11416;2023;28/10/2023 18:34;13;Saint-Rémy-de-Provence;0.0100;Accidentelle;-
2023-11417;2023;29/10/2023 14:20;13;Martigues;0.0005;Involontaire (particulier);-
2023-21209;2023;25/11/2023 19:30;13;Marseille;0.0100;-;-
2023-13737;2023;29/11/2023 11:02;13;Mimet;0.0200;Involontaire (particulier);-
2023-13738;2023;07/12/2023 18:30;13;Fontvieille;0.0100;-;-
2023-21210;2023;17/12/2023 16:39;13;Marseille;0.0020;-;-
2023-13739;2023;21/12/2023 12:50;13;Fos-sur-Mer;0.0200;-;-
2023-13740;2023;26/12/2023 02:35;13;Rousset;0.0020;Involontaire (particulier);-
2023-13741;2023;26/12/2023 11:12;13;Lambesc;0.0500;Malveillance;-
2024-19130;2024;19/01/2024 21:51;13;Marseille;0.0015;-;-
2024-19302;2024;27/01/2024 16:10;13;Istres;0.0500;Involontaire (particulier);-
2024-19303;2024;02/02/2024 14:36;13;Saint-Cannat;0.0010;Malveillance;-
2024-19304;2024;03/02/2024 15:50;13;Boulbon;0.0020;Involontaire (particulier);-
2024-19305;2024;05/02/2024 16:55;13;Velaux;0.0350;Malveillance;-
2024-19306;2024;06/02/2024 09:03;13;Meyrargues;0.0020;-;-
2024-19308;2024;08/02/2024 13:11;13;Aix-en-Provence;0.0020;-;-
2024-19307;2024;08/02/2024 18:07;13;Meyrargues;0.0040;-;-
2024-19131;2024;09/02/2024 03:25;13;Marseille;0.0050;-;-
2024-19310;2024;11/02/2024 16:10;13;Aix-en-Provence;0.0300;Involontaire (particulier);-
2024-19132;2024;17/02/2024 15:09;13;Marseille;0.0100;-;-
2024-19311;2024;19/02/2024 10:06;13;Saint-Étienne-du-Grès;0.0060;-;-
2024-19312;2024;19/02/2024 13:56;13;Maussane-les-Alpilles;0.2000;Involontaire (travaux);-
2024-19314;2024;24/02/2024 14:29;13;Saint-Chamas;0.0050;-;-
2024-19315;2024;29/02/2024 13:14;13;Orgon;0.0150;Involontaire (particulier);-
2024-19133;2024;12/03/2024 12:40;13;Marseille;0.0100;-;-
2024-19316;2024;16/03/2024 16:45;13;Saint-Cannat;0.0002;Malveillance;-
2024-19317;2024;20/03/2024 18:04;13;Saint-Chamas;0.0300;Involontaire (particulier);-
2024-19313;2024;21/03/2024 14:35;13;Saint-Étienne-du-Grès;0.0060;-;-
2024-19318;2024;24/03/2024 08:12;13;La Roque-d'Anthéron;0.0400;Involontaire (particulier);-
2024-19319;2024;06/04/2024 23:54;13;Aix-en-Provence;0.0010;Involontaire (particulier);-
2024-19320;2024;08/04/2024 18:33;13;Miramas;0.0020;Accidentelle;-
2024-19323;2024;10/04/2024 13:58;13;Ensuès-la-Redonne;0.0300;Involontaire (particulier);-
2024-19321;2024;10/04/2024 15:07;13;Orgon;0.0200;Accidentelle;-
2024-19322;2024;10/04/2024 17:07;13;Jouques;0.0050;Malveillance;-
2024-19336;2024;12/04/2024 10:55;13;Miramas;0.0020;Accidentelle;-
2024-19335;2024;13/04/2024 01:46;13;Saint-Savournin;0.0020;Involontaire (particulier);-
2024-19334;2024;13/04/2024 15:24;13;Fuveau;0.0030;Involontaire (particulier);-
2024-19332;2024;13/04/2024 17:01;13;Graveson;0.0030;Involontaire (particulier);-
2024-19333;2024;13/04/2024 20:33;13;Gardanne;0.0100;Malveillance;-
2024-20116;2024;16/04/2024 11:47;13;Sausset-les-Pins;0.0005;Involontaire (particulier);-
2024-19331;2024;16/04/2024 11:47;13;Sausset-les-Pins;0.0005;Involontaire (particulier);-
2024-19330;2024;16/04/2024 19:48;13;Aix-en-Provence;0.0200;Accidentelle;-
2024-20117;2024;16/04/2024 19:48;13;Berre-l'Étang;0.0200;Accidentelle;-
2024-19301;2024;18/04/2024 19:45;13;Marseille;0.1100;Malveillance;-
2024-19377;2024;19/04/2024 20:13;13;Marseille;0.0010;-;-
2024-20118;2024;20/04/2024 17:01;13;Arles;1.0000;Involontaire (travaux);-
2024-20119;2024;21/04/2024 19:59;13;Noves;0.0500;Accidentelle;-
2024-19329;2024;21/04/2024 19:59;13;Noves;0.0500;Accidentelle;-
2024-19327;2024;21/04/2024 21:43;13;Port-de-Bouc;0.0500;Accidentelle;-
2024-20120;2024;21/04/2024 21:43;13;Port-de-Bouc;0.0500;Accidentelle;-
2024-20122;2024;22/04/2024 15:20;13;Les Pennes-Mirabeau;0.0200;Accidentelle;-
2024-19325;2024;22/04/2024 15:20;13;Les Pennes-Mirabeau;0.0200;Accidentelle;-
2024-20121;2024;22/04/2024 17:43;13;Cassis;0.0005;-;-
2024-19326;2024;22/04/2024 17:43;13;Cassis;0.0005;-;-
2024-19324;2024;22/04/2024 20:41;13;Les Pennes-Mirabeau;1.0000;Accidentelle;-
2024-20123;2024;22/04/2024 20:41;13;Les Pennes-Mirabeau;1.0000;Accidentelle;-
2024-20126;2024;23/04/2024 13:58;13;Lambesc;0.0050;Involontaire (particulier);-
2024-20124;2024;23/04/2024 16:13;13;Miramas;0.0200;-;-
2024-20125;2024;23/04/2024 20:53;13;Bouc-Bel-Air;0.0010;Accidentelle;-
2024-20127;2024;24/04/2024 11:21;13;Fontvieille;0.0300;Involontaire (particulier);-
2024-20128;2024;08/05/2024 14:52;13;Martigues;0.0200;Involontaire (particulier);-
2024-20129;2024;08/05/2024 19:59;13;Martigues;0.0010;Accidentelle;-
2024-20130;2024;12/05/2024 18:46;13;Aubagne;0.0005;Accidentelle;-
2024-20131;2024;14/05/2024 00:44;13;Peynier;0.0020;-;-
2024-20133;2024;27/05/2024 18:55;13;Meyrargues;0.0020;Accidentelle;-
2024-20134;2024;28/05/2024 18:54;13;Allauch;0.0020;Involontaire (particulier);-
2024-20135;2024;29/05/2024 06:11;13;La Ciotat;0.0002;Involontaire (particulier);-
2024-20136;2024;31/05/2024 13:45;13;Fos-sur-Mer;0.0100;-;-
2024-20137;2024;07/06/2024 12:15;13;Venelles;0.0005;Involontaire (particulier);-
2024-20138;2024;07/06/2024 12:15;13;Martigues;0.0150;Involontaire (particulier);-
2024-20139;2024;07/06/2024 19:44;13;Ensuès-la-Redonne;0.0200;-;-
2024-20140;2024;08/06/2024 16:55;13;Martigues;0.1000;Malveillance;-
2024-19680;2024;08/06/2024 21:13;13;Marseille;0.0040;Involontaire (particulier);-
2024-20141;2024;10/06/2024 16:14;13;Aix-en-Provence;0.0130;Involontaire (travaux);-
2024-20142;2024;11/06/2024 06:03;13;Barbentane;0.0050;Involontaire (travaux);-
2024-20143;2024;12/06/2024 10:57;13;Meyrargues;0.0200;Involontaire (travaux);-
2024-20144;2024;14/06/2024 19:13;13;Saint-Cannat;0.0300;-;-
2024-20145;2024;16/06/2024 16:55;13;Fontvieille;0.0020;Involontaire (particulier);-
2024-20147;2024;17/06/2024 16:55;13;La Ciotat;0.2500;Accidentelle;-
2024-20146;2024;17/06/2024 16:55;13;Martigues;0.1000;Involontaire (particulier);-
2024-20148;2024;18/06/2024 16:50;13;Aubagne;0.3495;Involontaire (travaux);-
2024-20132;2024;20/06/2024 13:31;13;Noves;0.0200;-;-
2024-20207;2024;21/06/2024 14:23;13;Vitrolles;0.0300;Involontaire (particulier);-
2024-20208;2024;21/06/2024 15:35;13;Peypin;0.0005;Malveillance;-
2024-20210;2024;22/06/2024 17:54;13;Meyreuil;0.0004;-;-
2024-20209;2024;23/06/2024 16:14;13;Martigues;0.0030;Malveillance;-
2024-20383;2024;23/06/2024 17:16;13;Fuveau;0.3000;Accidentelle;-
2024-20384;2024;24/06/2024 23:58;13;Saint-Rémy-de-Provence;0.0001;-;-
2024-21196;2024;25/06/2024 00:20;13;La Ciotat;0.0024;-;-
2024-20385;2024;25/06/2024 09:48;13;Saint-Victoret;0.0050;-;-
2024-21199;2024;26/06/2024 15:15;13;Fos-sur-Mer;0.0002;Involontaire (particulier);-
2024-21201;2024;26/06/2024 15:19;13;La Ciotat;0.0002;-;-
2024-21200;2024;26/06/2024 15:41;13;Saint-Chamas;0.0100;-;-
2024-21198;2024;26/06/2024 17:30;13;Orgon;0.0004;Accidentelle;-
2024-21197;2024;26/06/2024 18:40;13;Meyreuil;0.0005;-;-
2024-21203;2024;27/06/2024 09:25;13;Velaux;0.0002;-;-
2024-21212;2024;30/06/2024 13:06;13;Aix-en-Provence;0.5000;Accidentelle;-
2024-21210;2024;30/06/2024 13:42;13;Mimet;0.0010;Malveillance;-
2024-21213;2024;01/07/2024 16:20;13;Saint-Martin-de-Crau;1.4441;Involontaire (travaux);-
2024-21217;2024;02/07/2024 11:43;13;Port-de-Bouc;0.0002;-;-
2024-21219;2024;03/07/2024 10:44;13;Aix-en-Provence;0.0010;Accidentelle;-
2024-21223;2024;03/07/2024 21:51;13;Martigues;0.0002;Involontaire (particulier);-
2024-21226;2024;04/07/2024 18:21;13;Roquefort-la-Bédoule;0.0060;Malveillance;-
2024-21225;2024;04/07/2024 23:02;13;Allauch;0.0200;Involontaire (particulier);-
2024-21228;2024;08/07/2024 13:09;13;Port-de-Bouc;0.0080;-;-
2024-21230;2024;08/07/2024 15:25;13;Peyrolles-en-Provence;0.0802;-;-
2024-21229;2024;08/07/2024 18:44;13;Peypin;0.0070;Malveillance;-
2024-21231;2024;08/07/2024 20:10;13;Aix-en-Provence;0.0010;Involontaire (particulier);-
2024-21232;2024;09/07/2024 12:07;13;La Ciotat;0.0330;Involontaire (travaux);-
2024-20282;2024;09/07/2024 12:55;13;Marseille;0.0050;-;-
2024-21235;2024;09/07/2024 14:57;13;Jouques;0.0010;Malveillance;-
2024-21233;2024;09/07/2024 15:40;13;Jouques;0.0010;Malveillance;-
2024-21234;2024;09/07/2024 18:38;13;Aix-en-Provence;0.0500;Involontaire (travaux);-
2024-21236;2024;10/07/2024 15:20;13;Saint-Rémy-de-Provence;0.0050;Involontaire (particulier);-
2024-21237;2024;12/07/2024 18:46;13;Les Pennes-Mirabeau;0.0600;-;-
2024-21240;2024;13/07/2024 10:03;13;Grans;0.0300;Accidentelle;-
2024-21238;2024;13/07/2024 15:27;13;Les Pennes-Mirabeau;0.0050;Accidentelle;-
2024-21243;2024;13/07/2024 20:25;13;Miramas;0.0100;Malveillance;-
2024-21248;2024;14/07/2024 11:19;13;Meyrargues;0.0300;Malveillance;-
2024-21245;2024;14/07/2024 12:37;13;Istres;0.0500;-;-
2024-21251;2024;15/07/2024 02:31;13;Septèmes-les-Vallons;0.0010;Involontaire (particulier);-
2024-21253;2024;15/07/2024 15:36;13;Gignac-la-Nerthe;0.0020;Involontaire (particulier);-
2024-21254;2024;15/07/2024 23:17;13;Peynier;0.0142;Malveillance;-
2024-21255;2024;16/07/2024 13:51;13;Les Pennes-Mirabeau;1.0400;Accidentelle;-
2024-21258;2024;17/07/2024 10:45;13;Saint-Paul-lès-Durance;0.0300;Involontaire (particulier);-
2024-21256;2024;17/07/2024 12:14;13;Cabriès;0.0100;Involontaire (travaux);-
2024-21262;2024;18/07/2024 12:35;13;Cuges-les-Pins;0.0050;Involontaire (particulier);-
2024-21259;2024;18/07/2024 14:11;13;Lançon-Provence;0.0010;Involontaire (travaux);-
2024-21260;2024;18/07/2024 15:31;13;Venelles;0.0050;Involontaire (particulier);-
2024-21261;2024;18/07/2024 16:32;13;Aubagne;0.0200;Malveillance;-
2024-21264;2024;20/07/2024 14:09;13;Graveson;0.5000;Accidentelle;-
2024-21263;2024;20/07/2024 20:00;13;Saint-Paul-lès-Durance;1.5000;Accidentelle;-
2024-21268;2024;21/07/2024 00:03;13;Le Rove;0.0010;-;-
2024-21265;2024;21/07/2024 09:52;13;Noves;0.0006;Naturelle;-
2024-21267;2024;21/07/2024 13:24;13;Aix-en-Provence;0.0002;Naturelle;-
2024-21269;2024;21/07/2024 15:28;13;Saint-Savournin;0.0005;Naturelle;-
2024-21266;2024;21/07/2024 18:33;13;Peyrolles-en-Provence;0.0020;Naturelle;-
2024-21270;2024;22/07/2024 15:49;13;Saint-Chamas;0.0020;Naturelle;-
2024-21113;2024;22/07/2024 23:45;13;Marseille;0.0020;Accidentelle;-
2024-21271;2024;23/07/2024 11:50;13;Saint-Paul-lès-Durance;0.0280;Naturelle;-
2024-21274;2024;23/07/2024 18:10;13;Arles;0.0200;Malveillance;-
2024-21272;2024;23/07/2024 21:30;13;Fos-sur-Mer;0.0100;Involontaire (particulier);-
2024-21275;2024;24/07/2024 13:49;13;Salon-de-Provence;0.0020;Involontaire (particulier);-
2024-22760;2024;24/07/2024 23:30;13;Septèmes-les-Vallons;0.0100;Malveillance;-
2024-22763;2024;25/07/2024 13:53;13;Salon-de-Provence;0.0030;-;-
2024-22761;2024;25/07/2024 17:12;13;Martigues;0.0025;Involontaire (particulier);-
2024-22762;2024;25/07/2024 21:00;13;Allauch;0.0002;Malveillance;-
2024-22805;2024;27/07/2024 01:09;13;Fos-sur-Mer;0.0020;-;-
2024-22764;2024;27/07/2024 13:51;13;Aix-en-Provence;0.0500;Involontaire (particulier);-
2024-22804;2024;27/07/2024 21:18;13;Gréasque;0.0020;Involontaire (particulier);-
2024-22765;2024;27/07/2024 21:22;13;Eyguières;0.0010;Accidentelle;-
2024-21278;2024;28/07/2024 18:10;13;Marseille;0.0030;Malveillance;-
2024-21279;2024;28/07/2024 21:37;13;Marseille;0.0500;Malveillance;-
2024-22806;2024;29/07/2024 19:50;13;Gardanne;0.0010;Malveillance;-
2024-22808;2024;30/07/2024 12:49;13;Gardanne;0.0003;Involontaire (particulier);-
2024-22809;2024;30/07/2024 14:42;13;Salon-de-Provence;0.0030;Involontaire (particulier);-
2024-22807;2024;30/07/2024 18:45;13;Rousset;0.0100;Accidentelle;-
2024-22895;2024;30/07/2024 20:46;13;Marseille;0.0050;Malveillance;-
2024-22810;2024;31/07/2024 17:11;13;Allauch;0.0050;Malveillance;-
2024-21680;2024;31/07/2024 20:07;13;Marseille;0.0050;-;-
2024-21681;2024;31/07/2024 22:41;13;Marseille;0.0150;Accidentelle;-
2024-22828;2024;01/08/2024 20:57;13;Fuveau;0.0005;-;-
2024-22861;2024;02/08/2024 16:46;13;Grans;0.0010;Accidentelle;-
2024-21682;2024;02/08/2024 19:45;13;Marseille;0.0050;-;-
2024-22863;2024;03/08/2024 08:33;13;Eygalières;0.1300;Naturelle;-
2024-22868;2024;03/08/2024 15:10;13;Bouc-Bel-Air;0.1750;Malveillance;-
2024-22866;2024;03/08/2024 15:10;13;Bouc-Bel-Air;0.0060;Malveillance;-
2024-22869;2024;03/08/2024 15:15;13;Bouc-Bel-Air;0.0002;Malveillance;-
2024-22867;2024;03/08/2024 15:15;13;Bouc-Bel-Air;0.0002;Malveillance;-
2024-22865;2024;03/08/2024 15:29;13;Gardanne;0.1500;Malveillance;-
2024-22864;2024;03/08/2024 15:30;13;Aix-en-Provence;0.0010;Malveillance;-
2024-22862;2024;03/08/2024 16:01;13;Gardanne;1.4000;Malveillance;-
2024-22871;2024;04/08/2024 13:48;13;Martigues;0.7500;Malveillance;-
2024-21683;2024;04/08/2024 15:22;13;Marseille;1.0000;Malveillance;-
2024-22870;2024;04/08/2024 18:53;13;Miramas;0.0020;Involontaire (particulier);-
2024-22873;2024;05/08/2024 12:09;13;Fos-sur-Mer;0.0150;-;-
2024-22872;2024;05/08/2024 16:54;13;Saint-Martin-de-Crau;1.2000;Accidentelle;-
2024-22896;2024;06/08/2024 07:22;13;Marseille;0.2000;Malveillance;-
2024-22874;2024;06/08/2024 10:50;13;Châteauneuf-les-Martigues;0.0020;Involontaire (particulier);-
2024-22876;2024;07/08/2024 00:16;13;Lançon-Provence;0.0020;Involontaire (particulier);-
2024-22877;2024;07/08/2024 15:50;13;Grans;0.0800;-;-
2024-22899;2024;08/08/2024 05:37;13;Marseille;0.0200;Malveillance;-
2024-22879;2024;08/08/2024 12:51;13;Martigues;0.0050;Involontaire (particulier);-
2024-22880;2024;08/08/2024 17:28;13;Puyloubier;0.2000;-;-
2024-22878;2024;08/08/2024 19:27;13;Cabriès;0.2000;Involontaire (particulier);-
2024-22882;2024;09/08/2024 15:05;13;Rognac;0.2000;Involontaire (particulier);-
2024-22892;2024;09/08/2024 21:19;13;Marseille;0.0300;Malveillance;-
2024-22898;2024;09/08/2024 23:09;13;Marseille;0.0500;Accidentelle;-
2024-22881;2024;09/08/2024 23:12;13;Trets;0.0005;-;-
2024-22811;2024;10/08/2024 00:33;13;Les Pennes-Mirabeau;0.0030;Involontaire (particulier);-
2024-22813;2024;10/08/2024 04:13;13;Istres;0.0030;Malveillance;-
2024-22902;2024;10/08/2024 11:43;13;Marseille;0.0025;-;-
2024-22822;2024;10/08/2024 13:24;13;Aix-en-Provence;0.0005;Involontaire (particulier);-
2024-22812;2024;10/08/2024 16:40;13;Les Pennes-Mirabeau;0.0250;Involontaire (particulier);-
2024-22818;2024;12/08/2024 09:51;13;Puyloubier;0.0200;Accidentelle;-
2024-22821;2024;12/08/2024 15:36;13;Aubagne;0.0100;Involontaire (particulier);-
2024-22820;2024;12/08/2024 15:43;13;Bouc-Bel-Air;0.0034;-;-
2024-22819;2024;12/08/2024 19:28;13;Fuveau;0.0050;Malveillance;-
2024-22816;2024;15/08/2024 11:29;13;Lançon-Provence;0.0300;Accidentelle;-
2024-22817;2024;15/08/2024 15:22;13;Martigues;0.0006;Involontaire (particulier);-
2024-22815;2024;16/08/2024 13:31;13;Châteauneuf-les-Martigues;0.0255;Accidentelle;-
2024-22800;2024;17/08/2024 12:20;13;Aix-en-Provence;0.0560;Accidentelle;-
2024-22814;2024;17/08/2024 13:29;13;Istres;0.0110;-;-
2024-22801;2024;18/08/2024 16:51;13;Fos-sur-Mer;0.0200;Accidentelle;-
2024-22803;2024;19/08/2024 01:09;13;Rognac;0.0500;-;-
2024-22799;2024;22/08/2024 13:28;13;Saint-Paul-lès-Durance;0.0040;Accidentelle;-
2024-22798;2024;23/08/2024 14:02;13;Istres;1.0000;Accidentelle;-
2024-22797;2024;23/08/2024 19:02;13;Eygalières;0.0100;-;-
2024-22796;2024;25/08/2024 11:27;13;Salon-de-Provence;2.0000;Malveillance;-
2024-22776;2024;25/08/2024 18:41;13;Gardanne;0.0100;Malveillance;-
2024-22773;2024;26/08/2024 00:46;13;Martigues;0.0300;Malveillance;-
2024-22774;2024;26/08/2024 14:57;13;Pélissanne;0.0010;Accidentelle;-
2024-22775;2024;26/08/2024 17:47;13;Allauch;0.0044;Involontaire (particulier);-
2024-22904;2024;26/08/2024 21:51;13;Marseille;0.0300;Malveillance;-
2024-22772;2024;29/08/2024 15:29;13;Septèmes-les-Vallons;0.0230;Malveillance;-
2024-22771;2024;01/09/2024 16:54;13;Lambesc;0.0080;-;-
2024-22894;2024;02/09/2024 14:45;13;Marseille;0.2000;-;-
2024-22769;2024;03/09/2024 14:40;13;Saint-Savournin;0.0200;Naturelle;-
2024-22770;2024;03/09/2024 19:02;13;Noves;0.0010;Accidentelle;-
2024-22768;2024;03/09/2024 19:29;13;Les Baux-de-Provence;0.0300;Naturelle;-
2024-22766;2024;04/09/2024 14:02;13;Aubagne;0.0002;Naturelle;-
2024-22767;2024;04/09/2024 15:27;13;Lançon-Provence;0.0020;Naturelle;-
2024-23890;2024;10/09/2024 20:39;13;Martigues;0.0500;Malveillance;-
2024-23892;2024;13/09/2024 21:42;13;Martigues;0.0100;Malveillance;-
2024-23893;2024;14/09/2024 13:53;13;Fos-sur-Mer;0.0050;Involontaire (particulier);-
2024-23895;2024;15/09/2024 14:40;13;Miramas;0.1500;Malveillance;-
2024-23897;2024;16/09/2024 03:22;13;Martigues;0.0300;Malveillance;-
2024-23898;2024;16/09/2024 19:00;13;Martigues;0.0300;Malveillance;-
2024-23896;2024;16/09/2024 23:40;13;Fos-sur-Mer;0.0050;Malveillance;-
2024-23899;2024;19/09/2024 16:05;13;Le Puy-Sainte-Réparade;0.0600;Involontaire (particulier);-
2024-25925;2024;03/10/2024 09:16;13;La Bouilladisse;0.0020;-;-
2024-25926;2024;18/10/2024 20:35;13;Miramas;0.0050;Malveillance;-
2024-25927;2024;05/11/2024 19:05;13;Grans;0.0040;-;-
2024-25928;2024;19/11/2024 16:04;13;Miramas;0.0600;Accidentelle;-
2025-421;2025;04/01/2025 21:48;13;Istres;0.0200;Malveillance;-
2025-1492;2025;06/01/2025 17:09;13;Saint-Cannat;0.0020;Accidentelle;-
2025-1495;2025;14/01/2025 07:17;13;Aubagne;0.0100;Involontaire (travaux);-
2025-1491;2025;19/01/2025 13:50;13;Aix-en-Provence;0.0005;Involontaire (particulier);-
2025-1506;2025;25/01/2025 17:32;13;Miramas;0.0001;Malveillance;-
2025-1511;2025;12/02/2025 02:22;13;Arles;0.0001;-;-
2025-1540;2025;13/02/2025 14:20;13;Mimet;0.0080;Accidentelle;-
2025-1499;2025;17/02/2025 15:22;13;Coudoux;0.0005;-;-
2025-1507;2025;17/02/2025 16:31;13;Aix-en-Provence;0.0015;Accidentelle;-
2025-1529;2025;28/02/2025 15:47;13;Barbentane;0.1000;Malveillance;-
2025-1578;2025;01/03/2025 20:35;13;Le Puy-Sainte-Réparade;0.0020;Involontaire (travaux);-
2025-1551;2025;02/03/2025 08:52;13;Plan-de-Cuques;0.0100;Involontaire (particulier);-
2025-1588;2025;09/03/2025 06:21;13;Châteauneuf-le-Rouge;0.1000;Accidentelle;-
2025-1542;2025;09/03/2025 10:11;13;Peyrolles-en-Provence;0.0200;Accidentelle;-
2025-1589;2025;10/03/2025 06:30;13;Aix-en-Provence;0.0010;Accidentelle;-
2025-1488;2025;12/03/2025 17:39;13;Alleins;0.0030;Involontaire (particulier);-
2025-1552;2025;31/03/2025 18:18;13;Vitrolles;0.0050;-;-
2025-1531;2025;31/03/2025 19:45;13;Salon-de-Provence;0.0002;Involontaire (particulier);-
2025-1535;2025;02/04/2025 14:00;13;Sausset-les-Pins;0.0100;Involontaire (particulier);-
2025-1501;2025;05/04/2025 19:19;13;Aureille;0.0005;-;-
2025-1543;2025;06/04/2025 17:49;13;Allauch;0.1500;Malveillance;-
2025-1536;2025;06/04/2025 18:58;13;Marignane;0.0300;-;-
2025-1487;2025;10/04/2025 17:49;13;Aix-en-Provence;0.0005;Involontaire (particulier);-
2025-1502;2025;10/04/2025 19:15;13;Aix-en-Provence;0.0010;Malveillance;-
2025-1533;2025;12/04/2025 16:47;13;Istres;0.0002;-;-
2025-1587;2025;12/04/2025 21:06;13;Bouc-Bel-Air;0.0615;Malveillance;-
2025-1539;2025;15/04/2025 15:17;13;Martigues;0.0010;Malveillance;-
2025-1595;2025;20/04/2025 17:39;13;Simiane-Collongue;0.0005;Malveillance;-
2025-1050;2025;22/04/2025 13:25;13;Marseille;0.0050;-;-
2025-1489;2025;23/04/2025 15:37;13;Vitrolles;0.0010;Malveillance;-
2025-1583;2025;23/04/2025 15:47;13;Fos-sur-Mer;0.0002;Malveillance;-
2025-1545;2025;24/04/2025 13:27;13;Cassis;0.4000;Accidentelle;-
2025-1579;2025;25/04/2025 14:58;13;Miramas;0.0100;Malveillance;-
2025-1534;2025;29/04/2025 22:32;13;Martigues;0.0002;Involontaire (particulier);-
2025-1585;2025;08/05/2025 07:55;13;Martigues;0.0020;-;-
2025-1496;2025;10/05/2025 19:02;13;Boulbon;0.0010;-;-
2025-1584;2025;12/05/2025 14:08;13;Martigues;0.0010;Malveillance;-
2025-1590;2025;17/05/2025 13:14;13;Istres;0.2000;Malveillance;-
2025-1555;2025;18/05/2025 14:21;13;Arles;1.0000;Involontaire (travaux);-
2025-1490;2025;18/05/2025 18:27;13;Jouques;0.0020;Naturelle;-
2025-1547;2025;18/05/2025 22:17;13;Ceyreste;0.0005;Accidentelle;-
2025-1586;2025;20/05/2025 22:52;13;Martigues;0.0003;Malveillance;-
2025-1594;2025;22/05/2025 17:23;13;Lambesc;0.0100;-;-
2025-1532;2025;23/05/2025 06:56;13;Istres;0.0010;Malveillance;-
2025-1581;2025;24/05/2025 13:33;13;Istres;0.3000;Malveillance;-
2025-1541;2025;24/05/2025 16:13;13;La Roque-d'Anthéron;0.0200;Malveillance;-
2025-1493;2025;25/05/2025 08:49;13;Saint-Chamas;0.0002;Malveillance;-
2025-1548;2025;25/05/2025 14:59;13;Miramas;0.0500;Malveillance;-
2025-1582;2025;25/05/2025 18:16;13;Rognac;0.1000;Malveillance;-
2025-1596;2025;26/05/2025 16:11;13;Aix-en-Provence;0.0100;Accidentelle;-
2025-1597;2025;27/05/2025 12:28;13;Vitrolles;0.0020;Involontaire (particulier);-
2025-1598;2025;27/05/2025 13:24;13;Meyreuil;0.0050;Involontaire (particulier);-
2025-1608;2025;27/05/2025 15:33;13;Martigues;0.0002;Involontaire (particulier);-
2025-1369;2025;27/05/2025 22:12;13;Marseille;0.0700;Involontaire (particulier);-
2025-1601;2025;28/05/2025 17:30;13;Orgon;0.0020;Malveillance;-
2025-1610;2025;29/05/2025 13:23;13;Istres;0.0100;Malveillance;-
2025-1628;2025;29/05/2025 16:01;13;Cabriès;0.0050;-;-
2025-1600;2025;29/05/2025 17:09;13;Noves;0.0300;Involontaire (travaux);-
2025-1611;2025;29/05/2025 17:37;13;Eyragues;0.2000;Involontaire (travaux);-
2025-1603;2025;29/05/2025 20:03;13;Salon-de-Provence;0.1200;-;-
2025-1604;2025;29/05/2025 22:02;13;Gardanne;0.0030;-;-
2025-1605;2025;30/05/2025 14:25;13;Les Pennes-Mirabeau;0.0100;Involontaire (particulier);-
2025-1607;2025;30/05/2025 15:06;13;Aubagne;0.0300;Involontaire (particulier);-
2025-1606;2025;31/05/2025 08:40;13;Roquevaire;0.0030;Involontaire (travaux);-
2025-1447;2025;31/05/2025 16:29;13;Marseille;1.2000;-;-
2025-1599;2025;31/05/2025 18:13;13;Salon-de-Provence;0.0020;Malveillance;-
2025-1609;2025;01/06/2025 20:49;13;Martigues;0.0015;Involontaire (particulier);-
2025-1602;2025;03/06/2025 13:58;13;Salon-de-Provence;0.0005;-;-
2025-1626;2025;03/06/2025 17:00;13;Miramas;0.0050;-;-
2025-1613;2025;04/06/2025 19:30;13;Gardanne;0.0003;Involontaire (particulier);-
2025-1615;2025;05/06/2025 00:00;13;Allauch;0.0600;Involontaire (particulier);-
2025-1612;2025;05/06/2025 22:23;13;Lançon-Provence;0.0050;Accidentelle;-
2025-1614;2025;05/06/2025 22:49;13;Bouc-Bel-Air;0.0050;Involontaire (particulier);-
2025-1616;2025;06/06/2025 16:05;13;Auriol;0.0010;Involontaire (particulier);-
2025-1621;2025;06/06/2025 16:13;13;Coudoux;0.1500;Involontaire (particulier);-
2025-1619;2025;06/06/2025 21:58;13;Le Rove;0.0015;Involontaire (particulier);-
2025-1617;2025;07/06/2025 12:04;13;Roquefort-la-Bédoule;0.0015;Involontaire (particulier);-
2025-1618;2025;08/06/2025 17:29;13;Cassis;0.2500;-;-
2025-1620;2025;08/06/2025 23:00;13;Rousset;0.1500;Involontaire (particulier);-
2025-5792;2025;09/06/2025 17:01;13;Puyloubier;0.2000;-;-
2025-5793;2025;10/06/2025 21:48;13;Fos-sur-Mer;0.0015;Involontaire (particulier);-
2025-5794;2025;11/06/2025 14:01;13;Roquefort-la-Bédoule;0.0040;Involontaire (particulier);-
2025-5812;2025;11/06/2025 18:53;13;Velaux;0.8000;-;-
2025-5799;2025;12/06/2025 17:19;13;Saint-Marc-Jaumegarde;0.0400;Involontaire (particulier);-
2025-5804;2025;13/06/2025 00:22;13;Aix-en-Provence;0.0250;-;-
2025-5803;2025;13/06/2025 14:43;13;Gardanne;0.0050;Involontaire (travaux);-
2025-5807;2025;13/06/2025 15:16;13;La Ciotat;0.0050;Involontaire (particulier);-
2025-5811;2025;14/06/2025 00:13;13;Berre-l'Étang;0.0300;Malveillance;-
2025-5825;2025;14/06/2025 19:49;13;Port-de-Bouc;0.0200;Malveillance;-
2025-1960;2025;14/06/2025 23:58;13;Marseille;0.0050;Accidentelle;-
2025-5810;2025;15/06/2025 02:17;13;Istres;0.0005;-;-
2025-5809;2025;15/06/2025 04:19;13;Istres;0.0050;-;-
2025-5815;2025;15/06/2025 18:22;13;Saint-Martin-de-Crau;0.0200;Malveillance;-
2025-5800;2025;15/06/2025 19:02;13;Vauvenargues;0.0010;Involontaire (particulier);-
2025-5820;2025;15/06/2025 20:34;13;Arles;0.0015;-;-
2025-5805;2025;15/06/2025 22:29;13;Aix-en-Provence;0.0050;Accidentelle;-
2025-5813;2025;16/06/2025 13:12;13;Miramas;0.2000;Malveillance;-
2025-5814;2025;16/06/2025 14:39;13;Saint-Martin-de-Crau;0.0020;Involontaire (particulier);-
2025-5806;2025;16/06/2025 15:53;13;Aix-en-Provence;0.0010;Involontaire (particulier);-
2025-5823;2025;16/06/2025 16:17;13;Port-de-Bouc;0.0005;Malveillance;-
2025-5801;2025;16/06/2025 16:35;13;Rousset;0.0005;Involontaire (particulier);-
2025-5808;2025;16/06/2025 17:10;13;Fos-sur-Mer;0.0050;-;-
2025-5851;2025;16/06/2025 17:39;13;Miramas;0.0020;-;-
2025-1961;2025;16/06/2025 19:36;13;Marseille;0.0500;Malveillance;-
2025-5934;2025;17/06/2025 00:47;13;Martigues;0.0005;-;-
2025-5827;2025;17/06/2025 15:29;13;Trets;0.0300;Accidentelle;-
2025-5836;2025;18/06/2025 15:31;13;Aubagne;0.0100;Involontaire (particulier);-
2025-5835;2025;18/06/2025 16:02;13;Le Rove;0.0001;Involontaire (particulier);-
2025-5841;2025;18/06/2025 22:07;13;Miramas;0.0010;Malveillance;-
2025-5838;2025;19/06/2025 01:28;13;Aubagne;0.0100;Involontaire (travaux);-
2025-5837;2025;19/06/2025 09:42;13;Saint-Savournin;0.2000;Involontaire (particulier);-
2025-5843;2025;19/06/2025 15:32;13;Septèmes-les-Vallons;0.0200;-;-
2025-5850;2025;20/06/2025 15:23;13;Fos-sur-Mer;0.0200;Accidentelle;-
2025-5854;2025;21/06/2025 02:11;13;Le Puy-Sainte-Réparade;0.0002;-;-
2025-5856;2025;21/06/2025 15:34;13;Vitrolles;0.0500;Involontaire (particulier);-
2025-5861;2025;23/06/2025 10:59;13;Gardanne;0.1000;Involontaire (particulier);-
2025-5866;2025;23/06/2025 15:02;13;Lançon-Provence;0.0010;-;-
2025-5862;2025;23/06/2025 17:36;13;Septèmes-les-Vallons;0.0010;-;-
2025-5867;2025;24/06/2025 14:29;13;Septèmes-les-Vallons;0.1000;Involontaire (particulier);-
2025-5873;2025;24/06/2025 14:38;13;Meyrargues;0.0002;-;-
2025-5870;2025;24/06/2025 15:13;13;Saint-Victoret;5.0000;Involontaire (travaux);-
2025-5872;2025;24/06/2025 16:16;13;Berre-l'Étang;10.9000;Involontaire (travaux);-
2025-5897;2025;25/06/2025 14:26;13;Port-de-Bouc;0.4500;Malveillance;-
2025-5879;2025;26/06/2025 14:48;13;Lançon-Provence;0.0300;Involontaire (particulier);-
2025-5876;2025;26/06/2025 20:27;13;Martigues;0.0300;-;-
2025-5880;2025;26/06/2025 21:41;13;Miramas;0.0500;Malveillance;-
2025-5877;2025;27/06/2025 11:29;13;Velaux;0.0025;Involontaire (travaux);-
2025-3855;2025;27/06/2025 21:06;13;Marseille;0.0030;Involontaire (particulier);-
2025-5887;2025;28/06/2025 18:30;13;Pélissanne;0.2000;-;-
2025-5868;2025;29/06/2025 12:16;13;Port-de-Bouc;0.1500;Involontaire (travaux);-
2025-5890;2025;29/06/2025 20:01;13;Roquevaire;0.0200;-;-
2025-5892;2025;30/06/2025 11:10;13;Aix-en-Provence;0.0010;-;-
2025-5894;2025;30/06/2025 21:01;13;Simiane-Collongue;0.0010;-;-
2025-5895;2025;01/07/2025 10:33;13;Coudoux;0.0500;-;-
2025-5896;2025;01/07/2025 16:28;13;Aurons;0.0150;Involontaire (travaux);-
2025-5902;2025;02/07/2025 14:17;13;Miramas;2.0000;Accidentelle;-
2025-5909;2025;02/07/2025 14:39;13;Roquevaire;0.0103;Accidentelle;-
2025-3860;2025;02/07/2025 15:54;13;Marseille;2.2000;Malveillance;-
2025-5910;2025;04/07/2025 09:40;13;Aubagne;0.0030;-;-
2025-5933;2025;04/07/2025 15:11;13;Septèmes-les-Vallons;0.1000;Involontaire (particulier);-
2025-5898;2025;04/07/2025 23:19;13;Fuveau;0.5000;Involontaire (particulier);-
2025-22356;2025;05/07/2025 03:38;13;Le Rove;74.8100;Involontaire (particulier);-
2025-5906;2025;05/07/2025 03:38;13;Les Pennes-Mirabeau;7.6400;Involontaire (particulier);-
2025-5918;2025;05/07/2025 17:02;13;Auriol;0.0082;-;-
2025-5915;2025;06/07/2025 02:56;13;Aix-en-Provence;0.0500;-;-
2025-5914;2025;06/07/2025 21:34;13;Aix-en-Provence;0.0001;-;-
2025-5921;2025;07/07/2025 13:46;13;La Fare-les-Oliviers;0.0050;-;-
2025-5925;2025;07/07/2025 20:06;13;Salon-de-Provence;0.1000;-;-
2025-5926;2025;07/07/2025 20:20;13;Saint-Mitre-les-Remparts;0.0300;-;-
2025-5932;2025;08/07/2025 12:49;13;Les Pennes-Mirabeau;616.2500;Accidentelle;-
2025-5961;2025;08/07/2025 13:52;13;Martigues;0.0050;-;-
2025-5935;2025;08/07/2025 14:30;13;Belcodène;2.0000;-;-
2025-5962;2025;08/07/2025 14:30;13;Les Pennes-Mirabeau;0.0100;-;-
2025-3853;2025;08/07/2025 15:15;13;Marseille;2.0000;Involontaire (particulier);-
2025-5964;2025;08/07/2025 15:16;13;Lambesc;1.0000;-;-
2025-5966;2025;08/07/2025 16:17;13;Aix-en-Provence;0.3000;-;-
2025-5943;2025;08/07/2025 17:18;13;Fuveau;0.0002;Malveillance;-
2025-5968;2025;08/07/2025 18:21;13;Ensuès-la-Redonne;0.0050;-;-
2025-5944;2025;08/07/2025 23:44;13;Istres;3.0000;-;-
2025-5974;2025;09/07/2025 09:45;13;Aix-en-Provence;0.0010;-;-
2025-5945;2025;10/07/2025 17:03;13;Aix-en-Provence;0.0040;-;-
2025-5975;2025;11/07/2025 13:47;13;Marseille;0.0300;-;-
2025-5976;2025;11/07/2025 15:02;13;Aix-en-Provence;0.0003;-;-
2025-5977;2025;11/07/2025 16:18;13;Cabriès;0.0003;Involontaire (particulier);-
2025-5979;2025;12/07/2025 21:47;13;Martigues;0.0001;-;-
2025-5019;2025;14/07/2025 23:18;13;Marseille;0.0014;Malveillance;-
2025-5024;2025;14/07/2025 23:50;13;Marseille;0.0100;-;-
2025-6008;2025;15/07/2025 00:21;13;Martigues;0.0010;Malveillance;-
2025-5936;2025;15/07/2025 01:09;13;Châteauneuf-les-Martigues;0.0100;Involontaire (particulier);-
2025-5946;2025;15/07/2025 01:11;13;Fuveau;0.0010;Malveillance;-
2025-6009;2025;15/07/2025 01:15;13;Martigues;0.0005;Malveillance;-
2025-5987;2025;16/07/2025 12:05;13;Grans;0.0050;-;-
2025-5986;2025;16/07/2025 14:01;13;Roquefort-la-Bédoule;0.0030;Involontaire (travaux);-
2025-5984;2025;16/07/2025 14:42;13;Gardanne;0.0020;-;-
2025-5988;2025;16/07/2025 14:57;13;Saint-Victoret;0.0005;-;-
2025-5985;2025;16/07/2025 15:18;13;Gardanne;0.0020;-;-
2025-5982;2025;16/07/2025 15:53;13;Port-de-Bouc;0.0002;-;-
2025-5983;2025;16/07/2025 16:12;13;Le Rove;0.0005;Accidentelle;-
2025-5023;2025;16/07/2025 17:00;13;Marseille;0.3500;Malveillance;-
2025-5996;2025;16/07/2025 17:12;13;Grans;0.0200;Accidentelle;-
2025-5995;2025;16/07/2025 19:14;13;Carnoux-en-Provence;0.0005;-;-
2025-6002;2025;16/07/2025 19:56;13;Les Pennes-Mirabeau;0.0030;-;-
2025-5989;2025;16/07/2025 20:24;13;Martigues;0.0010;Malveillance;-
2025-5994;2025;16/07/2025 21:26;13;Aubagne;0.0020;-;-
2025-6005;2025;16/07/2025 23:11;13;Martigues;0.0003;Involontaire (particulier);-
2025-5990;2025;17/07/2025 00:34;13;Fos-sur-Mer;0.1000;Accidentelle;-
2025-5991;2025;17/07/2025 08:03;13;Aubagne;2.0000;Malveillance;-
2025-6030;2025;17/07/2025 19:21;13;Martigues;224.6200;Malveillance;-
2025-6007;2025;17/07/2025 23:29;13;Martigues;0.0100;Malveillance;-
2025-6013;2025;18/07/2025 00:52;13;Gardanne;0.0010;-;-
2025-5127;2025;18/07/2025 09:04;13;Marseille;0.7762;-;-
2025-6011;2025;18/07/2025 13:46;13;Les Pennes-Mirabeau;1.8300;Involontaire (particulier);-
2025-6014;2025;19/07/2025 14:47;13;Lamanon;0.1500;Naturelle;-
2025-6020;2025;21/07/2025 01:57;13;Saint-Mitre-les-Remparts;0.0050;-;-
2025-6019;2025;22/07/2025 16:17;13;Istres;0.4500;Malveillance;-
2025-6047;2025;25/07/2025 15:48;13;Martigues;0.0050;Malveillance;-
2025-6048;2025;26/07/2025 09:35;13;Saint-Mitre-les-Remparts;0.0005;Malveillance;-
2025-6039;2025;26/07/2025 12:26;13;Roquefort-la-Bédoule;0.0500;Accidentelle;-
2025-6056;2025;26/07/2025 14:49;13;Fos-sur-Mer;6.0000;Malveillance;-
2025-6046;2025;26/07/2025 18:44;13;Martigues;1.0400;Malveillance;-
2025-6040;2025;27/07/2025 18:24;13;Aubagne;0.0300;Involontaire (particulier);-
2025-6070;2025;28/07/2025 14:54;13;Martigues;2.5000;Malveillance;-
2025-6064;2025;28/07/2025 15:54;13;Eyguières;0.0100;-;-
2025-6072;2025;28/07/2025 16:40;13;Les Pennes-Mirabeau;8.0500;Involontaire (particulier);-
2025-6075;2025;28/07/2025 18:09;13;La Ciotat;0.0003;Involontaire (particulier);-
2025-6060;2025;28/07/2025 20:06;13;Mouriès;0.0500;-;-
2025-22357;2025;28/07/2025 23:25;13;Maussane-les-Alpilles;9.1940;Accidentelle;-
2025-6068;2025;29/07/2025 04:45;13;Port-de-Bouc;0.0300;Malveillance;-
2025-6067;2025;29/07/2025 16:42;13;Istres;0.0200;Malveillance;-
2025-6074;2025;30/07/2025 13:17;13;Coudoux;0.1700;-;-
2025-6079;2025;30/07/2025 13:59;13;Gréasque;0.0015;Involontaire (particulier);-
2025-6058;2025;30/07/2025 16:10;13;Eygalières;0.0300;-;-
2025-7414;2025;01/08/2025 16:05;13;La Ciotat;0.1153;Accidentelle;-
2025-8471;2025;01/08/2025 20:22;13;Marseille;0.0060;-;-
2025-7426;2025;05/08/2025 22:03;13;Lançon-Provence;4.2000;-;-
2025-7428;2025;06/08/2025 06:50;13;Aubagne;0.0005;-;-
2025-7429;2025;06/08/2025 09:47;13;Châteaurenard;0.0010;-;-
2025-7430;2025;06/08/2025 11:15;13;Meyrargues;0.0700;Involontaire (particulier);-
2025-7432;2025;06/08/2025 13:22;13;Coudoux;0.0010;-;-
2025-7433;2025;06/08/2025 16:28;13;Vitrolles;0.0020;-;-
2025-7434;2025;06/08/2025 20:18;13;Gardanne;0.0004;-;-
2025-7435;2025;07/08/2025 11:03;13;Saint-Martin-de-Crau;0.0250;-;-
2025-7436;2025;07/08/2025 11:49;13;Les Pennes-Mirabeau;0.0200;-;-
2025-7439;2025;08/08/2025 14:00;13;Miramas;4.0000;Involontaire (particulier);-
2025-7441;2025;08/08/2025 19:28;13;Gardanne;0.0040;Malveillance;-
2025-9733;2025;09/08/2025 12:46;13;Marseille;0.0010;Malveillance;-
2025-7444;2025;09/08/2025 14:00;13;La Ciotat;0.0600;Involontaire (particulier);-
2025-7447;2025;10/08/2025 23:34;13;Paradou;0.0002;-;-
2025-7451;2025;13/08/2025 11:23;13;Trets;0.0020;Involontaire (particulier);-
2025-8860;2025;14/08/2025 17:47;13;Marseille;0.0400;Accidentelle;-
2025-7456;2025;14/08/2025 18:24;13;Saint-Andiol;0.0300;-;-
2025-7459;2025;14/08/2025 19:29;13;Saint-Étienne-du-Grès;0.0400;-;-
2025-7461;2025;15/08/2025 14:06;13;Gignac-la-Nerthe;0.0200;Accidentelle;-
2025-7465;2025;16/08/2025 13:30;13;Eyragues;0.0100;-;-
2025-7468;2025;17/08/2025 17:11;13;Peyrolles-en-Provence;0.0001;Involontaire (particulier);-
2025-7470;2025;17/08/2025 22:18;13;Aix-en-Provence;0.0030;-;-
2025-7471;2025;18/08/2025 00:56;13;Simiane-Collongue;0.0500;-;-
2025-7472;2025;18/08/2025 13:50;13;Les Pennes-Mirabeau;0.0010;-;-
2025-7477;2025;19/08/2025 19:05;13;Eyguières;0.0100;Involontaire (particulier);-
2025-7478;2025;20/08/2025 07:38;13;Salon-de-Provence;0.0003;-;-
2025-7482;2025;21/08/2025 16:01;13;Peyrolles-en-Provence;0.0001;-;-
2025-7488;2025;24/08/2025 00:31;13;Aix-en-Provence;0.0001;-;-
2025-7492;2025;24/08/2025 20:40;13;La Barben;0.0300;-;-
2025-7493;2025;25/08/2025 13:32;13;Cabriès;0.0010;Involontaire (particulier);-
2025-10098;2025;27/08/2025 14:13;13;Les Pennes-Mirabeau;0.0010;Involontaire (particulier);-
2025-10102;2025;28/08/2025 11:42;13;Aubagne;0.0003;Involontaire (particulier);-
2025-10104;2025;28/08/2025 21:23;13;Aubagne;0.0005;Involontaire (particulier);-
2025-10107;2025;30/08/2025 14:56;13;Fuveau;0.0200;Involontaire (particulier);-
2025-10112;2025;31/08/2025 08:49;13;Saint-Mitre-les-Remparts;0.0010;Involontaire (particulier);-
2025-10113;2025;31/08/2025 11:40;13;Salon-de-Provence;0.0040;Accidentelle;-
2025-10115;2025;31/08/2025 14:25;13;Miramas;0.0010;-;-
2025-10117;2025;31/08/2025 18:18;13;Rognes;0.0010;Involontaire (particulier);-
2025-10119;2025;02/09/2025 17:59;13;Salon-de-Provence;0.0050;Involontaire (travaux);-
2025-10123;2025;05/09/2025 15:14;13;Martigues;0.2000;Involontaire (particulier);-
2025-10124;2025;05/09/2025 16:39;13;Cassis;0.0645;Accidentelle;-
2025-10132;2025;14/09/2025 17:31;13;Vitrolles;0.0015;-;-
2025-10133;2025;14/09/2025 21:19;13;Septèmes-les-Vallons;0.0050;Accidentelle;-
2025-10134;2025;15/09/2025 15:19;13;Ventabren;0.0100;Involontaire (particulier);-
2025-10141;2025;21/09/2025 12:11;13;Lambesc;0.0005;Naturelle;-
2025-10142;2025;21/09/2025 18:06;13;Saint-Cannat;0.0005;Naturelle;-
2025-10143;2025;25/09/2025 19:38;13;Gardanne;0.0005;-;-
2025-10144;2025;26/09/2025 15:28;13;Pélissanne;0.0100;-;-
2025-10152;2025;06/10/2025 12:37;13;Fos-sur-Mer;0.0005;-;-
2025-10153;2025;08/10/2025 14:26;13;Lambesc;0.0030;-;-